-- Crear Base de datos

drop database BossDB;

create database BossDB;

use BossDB;

create table Productos(
	id int unsigned auto_increment unique,
	Titulo varchar(200) not null,
	Fecha_Lanzamiento date not null,
	Tipo enum('Juego', 'DLC', 'Recopilatorio', 'Demo') not null default 'Juego',
    Promedio_Duracion int NOT NULL DEFAULT 0,
	constraint primary key (Titulo, Fecha_Lanzamiento)
);

create table Series(
	Nombre varchar(200) not null primary key
);

create table SerieProductos(
	Serie varchar(200) not null,
	idJuego int unsigned not null,
	constraint primary key (Serie, idJuego),
	constraint foreign key (Serie) references Series(Nombre) on delete no action on update cascade,
	constraint foreign key (idJuego) references Productos(id) on delete no action on update cascade
);

create table Jefes(
    JefeId INT UNSIGNED NOT NULL auto_increment unique,
    Nombre VARCHAR(150) NOT NULL ,
    Fecha date not null,
    Duracion CHAR(8) NOT NULL DEFAULT '00:00:00',
    constraint primary key (Nombre, Fecha)	
);

create table JefeProducto(
	JefeId int unsigned not null,
	ProductoId int unsigned not null,
	constraint primary key (JefeId, ProductoId),
	constraint foreign key (JefeId) references Jefes(JefeId) on delete no action on update cascade,
	constraint foreign key (ProductoId) references Productos(id) on delete no action on update cascade
);

create table FasesJefes(
	JefeId int unsigned not null,
	FaseId int unsigned not null,
	Duracion char(5) not null DEFAULT '00:00',
	Nombre VARCHAR(150),
	Descripcion varchar(500) not null default '',	
	constraint primary key (JefeId, FaseId),
	constraint foreign key (JefeId) references Jefes(JefeId) on delete no action on update cascade
);

create table Generos(
	Nombre varchar(100) not null primary key,
	Descripcion varchar(500) not null
);

create table FasesGeneros(
	JefeId int unsigned not null,
	FaseId int unsigned not null,
	Genero varchar(100) not null,
	constraint primary key (JefeId, FaseId, Genero),
	constraint foreign key (JefeId) references FasesJefes(JefeId) on delete no action on update cascade,
	constraint foreign key (Genero) references Generos(Nombre) on delete no action on update cascade
);

Create table Ataques (
	Id int unsigned auto_increment unique,
	DescripcionAtaque varchar(500) not null primary key
);

create table FasesJefesAtaques (
	IdJefe int unsigned not null,
	IdFase int unsigned not null,
	IdAtaque int unsigned not null,
	constraint primary key (IdJefe, IdFase, IdAtaque),
	Constraint foreign key (IdJefe, IdFase) references FasesJefes(JefeId, FaseId) on delete no action on update cascade,
	Constraint foreign key (IdAtaque) references Ataques(Id) on delete no action on update cascade
);


-- 1979
create table Series(
	Nombre varchar(200) not null primary key
);

create table SerieProductos(
	Serie varchar(200) not null,
	idJuego int unsigned not null,
	constraint primary key (Serie, idJuego),
	constraint foreign key (Serie) references Series(Nombre) on delete no action on update cascade,
	constraint foreign key (idJuego) references Productos(id) on delete no action on update cascade
);
insert into Productos (Titulo, Fecha_Lanzamiento, Tipo)   values   ('Ozma Wars', '1979-12-12', 'Juego'),  ('Astro Fighter', '1980-12-12', 'Juego'), ('Phoenix', '1980-10-10', 'Juego'), ('Sasuke vs. Commander', '1980-10-01', 'Juego'), ('Destroyer', '1980-01-01', 'Juego'),  ('Centipede', '1981-07-12', 'Juego'), ('Donkey Kong', '1981-08-09', 'Juego'), ('Gorf', '1981-08-09', 'Juego'), ('Mariner', '1981-08-09', 'Juego'),  ('Demon Attack', '1982-07-12', 'Juego'), ('Donkey Kong Jr', '1982-10-10', 'Juego'), ('Front Line', '1982-10-10', 'Juego'), ('Millipede', '1982-10-10', 'Juego'), ('Communist Mutants from Space', '1982-10-10', 'Juego'), ('Spiderman', '1982-11-10', 'Juego'), ('Star Wars: The Empire Strikes Back', '1982-11-10', 'Juego'), ('Xevious', '1982-11-10', 'Juego'), ('Zaxxon', '1982-01-01', 'Juego'),  ('Donkey Kong 3', '1983-10-31', 'Juego'),  ('Drangon''s Lair', '1983-06-19', 'Juego'),  ('Punch Out!!', '1983-12-31', 'Juego'),  ('Sinistar', '1983-10-31', 'Juego'),  ('Star Wars: Return of the Jedi Death Star Battle', '1983-10-31', 'Juego'),  ('Bull Fight', '1984-10-31', 'Juego'),  ('Space Ace', '1984-10-31', 'Juego'),  ('Super Xevious', '1984-06-15', 'Juego'),  ('Vulgus', '1984-05-10', 'Juego'),  ('Ghosts ''n Goblins', '1985-07-07', 'Juego'),  ('Gradius', '1985-02-02', 'Juego'),  ('Space Harrier', '1985-10-02', 'Juego'),  ('Super Punch Out!', '1984-09-13', 'Juego'),  ('Yie Ar Kung-Fu', '1984-10-13', 'Juego');
insert into Productos (Titulo, Fecha_Lanzamiento, Tipo, Promedio_Duracion)   values   ('1942', '1984-10-31', 'Juego', 2),  ('Super Mario Bros', '1985-09-13', 'Juego', 2),  ('Adventure Island', '1986-09-12', 'Juego', 2),  ('Alex Kidd in the Miracle World', '1986-11-01', 'Juego', 2),  ('Castlevania', '1986-09-26', 'Juego', 4),  ('Dragon Quest', '1986-05-27', 'Juego', 9),  ('Tierra Media: Sombras de Mordor', '2014-09-30', 'Juego', 15),  ('Tierra Media: Sombras de Mordor - The Lord of the Hunt', '2014-12-16', 'DLC', 3),  ('Tierra Media: Sombras de Mordor - The Bright Lord', '2015-02-24', 'DLC', 3),  ('Clash of Clans', '2012-08-02', 'Juego', 308),  ('Clash Quest', '2021-04-06', 'Juego', 30),  ('Clash Mini', '2021-11-08', 'Juego', 30);
insert into Jefes (Nombre, Fecha, Duracion)   values   ('Meteor', '1979-12-12', '00:00:20'),  ('GS', '1980-12-12', '00:00:05'), ('Mothership', '1980-10-10', '00:00:25'), ('Red Commander', '1980-10-01', '00:00:15'), ('White Commander', '1980-10-01', '00:00:20'), ('Destroyer', '1980-01-01', '00:00:20'),  ('Centipede', '1981-07-12', '00:00:25'), ('Donkey Kong', '1981-08-09', '00:01:57'), ('Flag Ship', '1981-08-09', '00:00:38'), ('Submarine', '1981-08-09', '00:00:10'),  ('Demon', '1982-07-12', '00:00:26'), ('Mario', '1982-10-10', '00:02:32'), ('Enemy canon', '1982-10-10', '00:00:15'), ('Millipede', '1982-10-10', '00:00:30'), ('Communist Mutant from Space', '1982-10-10', '00:00:40'), ('Green Goblin', '1982-11-10', '00:00:40'), ('AT-AT', '1982-11-10', '00:02:42'), ('Andor Genesis', '1982-11-10', '00:00:15'), ('Zaxxon', '1982-01-01', '00:00:30'),  ('Donkey Kong', '1983-10-31', '00:00:30'),  ('Black Knight', '1983-06-19', '00:00:20'),  ('Lizard King', '1983-06-19', '00:00:20'),  ('Singe the Dragon', '1983-06-19', '00:01:32'),  ('Glass Joe', '1983-12-31', '00:01:24'),  ('Piston Hurricane', '1983-12-31', '00:01:00'),  ('Bald Bull', '1983-12-31', '00:01:00'),  ('Kid Kick', '1983-12-31', '00:01:08'),  ('Pizza Pasta', '1983-12-31', '00:01:22'),  ('Mr. Sandman', '1983-12-31', '00:01:46'),  ('The Sinistar', '1983-10-31', '00:00:40'),  ('Death Star', '1983-10-31', '00:03:12'),  ('Bombardier', '1984-10-31', '00:00:20'),  ('Toro', '1984-10-31', '00:01:00'),  ('Dark Ace', '1984-10-31', '00:01:00'),  ('Electric eel', '1984-10-31', '00:00:50'),  ('Commander Borf', '1984-10-31', '00:02:00'),  ('Gump''s fortress', '1984-06-15', '00:00:45'),  ('Meteor', '1984-05-10', '00:01:30'),  ('Oni', '1985-07-07', '00:00:15'),  ('Dragon', '1985-07-07', '00:00:40'),  ('Demon', '1985-07-07', '00:00:30'),  ('Satan', '1985-07-07', '00:00:07'),  ('Big Core', '1985-02-02', '00:00:15'),  ('Tentacle Alien', '1985-02-02', '00:00:30'),  ('Celos Base/Xaerous Brain', '1985-02-02', '00:00:15'),  ('Chinese Dragon', '1985-10-02', '00:01:30'),  ('Olisis', '1985-10-02', '00:01:30'),  ('Lucasia', '1985-10-02', '00:01:30'),  ('Uriah', '1985-10-02', '00:01:30'),  ('Fake Bowser', '1985-09-13', '00:01:00'),  ('Bowser', '1985-09-13', '00:01:00'),  ('Bear Burger', '1984-09-13', '00:00:18'),  ('Dragon Chan', '1984-09-13', '00:00:36'),  ('Vodka Drunkensky', '1984-09-13', '00:00:28'),  ('Great Tiger', '1984-09-13', '00:01:21'),  ('Super Macho Man', '1984-09-13', '00:01:35'),  ('Wang', '1984-10-13', '00:00:30'),  ('Tao', '1984-10-13', '00:00:45'),  ('Chen', '1984-10-13', '00:00:35'),  ('Lang', '1984-10-13', '00:00:50'),  ('Wu', '1984-10-13', '00:00:30'),  ('Rhino', '1986-09-12', '00:00:45'),  ('Owl', '1986-09-12', '00:00:45'),  ('Cyclop', '1986-09-12', '00:00:45'),  ('Sabertooth', '1986-09-12', '00:00:45'),  ('Tiger', '1986-09-12', '00:00:45'),  ('Oni', '1986-09-12', '00:00:45'),  ('Kappa', '1986-09-12', '00:00:45'),  ('Jaguar', '1986-09-12', '00:00:45'),  ('Ox', '1986-11-01', '00:00:30'),  ('Grizzly Bear', '1986-11-01', '00:00:12'),  ('Stone Head', '1986-11-01', '00:01:00'),  ('Scissor Head', '1986-11-01', '00:01:00'),  ('Paper Head', '1986-11-01', '00:01:00'),  ('Janken the Great', '1986-11-01', '00:01:00'),  ('Bat', '1986-09-26', '00:00:20'),  ('Medusa', '1986-09-26', '00:00:20'),  ('Mummy', '1986-09-26', '00:00:40'),  ('Frankenstein', '1986-09-26', '00:00:30'),  ('Death', '1986-09-26', '00:00:20'),  ('Dracula', '1986-09-26', '00:02:30'),  ('Green Dragon', '1986-05-27', '00:00:34'),  ('Golem', '1986-05-27', '00:00:34'),  ('Dragonlord', '1986-05-27', '00:03:30'),  ('El Martillo', '2014-09-30', '00:04:27'),  ('Madre ghûl', '2014-09-30', '00:01:17'),  ('El graug legendario', '2014-09-30', '00:08:27'),  ('Nemesis', '2014-09-30', '00:01:58'),  ('La Torre', '2014-09-30', '00:03:30'),  ('Las garras de la Mano Negra', '2014-09-30', '00:03:27'),  ('La Mano Negra', '2014-09-30', '00:02:40'),  ('Shágflak Pastor de ghûls', '2014-12-16', '00:09:27'),  ('Sauron', '2015-02-24', '00:12:51'),  ('Gold Giant Dragon', '2012-08-02', '00:00:20'),  ('M.O.M.M.A', '2023-03-30', '00:01:43'),  ('Goblin King', '2021-04-06', '00:01:00'),  ('Lava Golem', '2021-04-06', '00:01:00'),  ('Papa Dragon', '2021-04-06', '00:01:00'),  ('Lava Hound', '2021-06-26', '00:01:00'),  ('Bone Bros', '2021-11-01', '00:01:00'),  ('Volt Viper', '2021-11-01', '00:01:00'),  ('Mini Lava Golem', '2022-03-11', '00:01:00');
insert into JefeProducto (JefeId, ProductoId)   values   ((select j.JefeId from Jefes j where j.Nombre like 'Meteor' and j.Fecha like '1979-12-12'), (select p.id from Productos p where p.Titulo like 'Ozma Wars' and p.Fecha_Lanzamiento like '1979-12-12')),  ((select j.JefeId from Jefes j where j.Nombre like 'GS' and j.Fecha like '1980-12-12'), (select p.id from Productos p where p.Titulo like 'Astro Fighter' and p.Fecha_Lanzamiento like '1980-12-12')), ((select j.JefeId from Jefes j where j.Nombre like 'Mothership' and j.Fecha like '1980-10-10'), (select p.id from Productos p where p.Titulo like 'Phoenix' and p.Fecha_Lanzamiento like '1980-10-10')),  ((select j.JefeId from Jefes j where j.Nombre like 'Red Commander' and j.Fecha like '1980-10-01'), (select p.id from Productos p where p.Titulo like 'Sasuke vs. Commander' and p.Fecha_Lanzamiento like '1980-10-01')),  ((select j.JefeId from Jefes j where j.Nombre like 'White Commander' and j.Fecha like '1980-10-01'), (select p.id from Productos p where p.Titulo like 'Sasuke vs. Commander' and p.Fecha_Lanzamiento like '1980-10-01')), ((select j.JefeId from Jefes j where j.Nombre like 'Destroyer' and j.Fecha like '1980-01-01'), (select p.id from Productos p where p.Titulo like 'Destroyer' and p.Fecha_Lanzamiento like '1980-01-01')),  ((select j.JefeId from Jefes j where j.Nombre like 'Donkey Kong' and j.Fecha like '1983-10-31'), (select p.id from Productos p where p.Titulo like 'Donkey Kong 3' and p.Fecha_Lanzamiento like '1983-10-31')),  ((select j.JefeId from Jefes j where j.Nombre like 'Black Knight' and j.Fecha like '1983-06-19'), (select p.id from Productos p where p.Titulo like 'Drangon''s Lair' and p.Fecha_Lanzamiento like '1983-06-19')),  ((select j.JefeId from Jefes j where j.Nombre like 'Lizard King' and j.Fecha like '1983-06-19'), (select p.id from Productos p where p.Titulo like 'Drangon''s Lair' and p.Fecha_Lanzamiento like '1983-06-19')),  ((select j.JefeId from Jefes j where j.Nombre like 'Singe the Dragon' and j.Fecha like '1983-06-19'), (select p.id from Productos p where p.Titulo like 'Drangon''s Lair' and p.Fecha_Lanzamiento like '1983-06-19')),  ((select j.JefeId from Jefes j where j.Nombre like 'Glass Joe' and j.Fecha like '1983-12-31'), (select p.id from Productos p where p.Titulo like 'Punch Out!!' and p.Fecha_Lanzamiento like '1983-12-31')),  ((select j.JefeId from Jefes j where j.Nombre like 'Bald Bull' and j.Fecha like '1983-12-31'), (select p.id from Productos p where p.Titulo like 'Punch Out!!' and p.Fecha_Lanzamiento like '1983-12-31')),  ((select j.JefeId from Jefes j where j.Nombre like 'Piston Hurricane' and j.Fecha like '1983-12-31'), (select p.id from Productos p where p.Titulo like 'Punch Out!!' and p.Fecha_Lanzamiento like '1983-12-31')),  ((select j.JefeId from Jefes j where j.Nombre like 'Kid Kick' and j.Fecha like '1983-12-31'), (select p.id from Productos p where p.Titulo like 'Punch Out!!' and p.Fecha_Lanzamiento like '1983-12-31')),  ((select j.JefeId from Jefes j where j.Nombre like 'Pizza Pasta' and j.Fecha like '1983-12-31'), (select p.id from Productos p where p.Titulo like 'Punch Out!!' and p.Fecha_Lanzamiento like '1983-12-31')),  ((select j.JefeId from Jefes j where j.Nombre like 'Mr. Sandman' and j.Fecha like '1983-12-31'), (select p.id from Productos p where p.Titulo like 'Punch Out!!' and p.Fecha_Lanzamiento like '1983-12-31')),  ((select j.JefeId from Jefes j where j.Nombre like 'The Sinistar' and j.Fecha like '1983-10-31'), (select p.id from Productos p where p.Titulo like 'Sinistar' and p.Fecha_Lanzamiento like '1983-10-31')),  ((select j.JefeId from Jefes j where j.Nombre like 'Death Star' and j.Fecha like '1983-10-31'), (select p.id from Productos p where p.Titulo like 'Star Wars: Return of the Jedi Death Star Battle' and p.Fecha_Lanzamiento like '1983-10-31')),  ((select j.JefeId from Jefes j where j.Nombre like 'Bombardier' and j.Fecha like '1984-10-31'), (select p.id from Productos p where p.Titulo like '1942' and p.Fecha_Lanzamiento like '1984-10-31')),  ((select j.JefeId from Jefes j where j.Nombre like 'Toro' and j.Fecha like '1984-10-31'), (select p.id from Productos p where p.Titulo like 'Bull Fight' and p.Fecha_Lanzamiento like '1984-10-31')),  ((select j.JefeId from Jefes j where j.Nombre like 'Dark Ace' and j.Fecha like '1984-10-31'), (select p.id from Productos p where p.Titulo like 'Space Ace' and p.Fecha_Lanzamiento like '1984-10-31')),  ((select j.JefeId from Jefes j where j.Nombre like 'Electric eel' and j.Fecha like '1984-10-31'), (select p.id from Productos p where p.Titulo like 'Space Ace' and p.Fecha_Lanzamiento like '1984-10-31')),  ((select j.JefeId from Jefes j where j.Nombre like 'Commander Borf' and j.Fecha like '1984-10-31'), (select p.id from Productos p where p.Titulo like 'Space Ace' and p.Fecha_Lanzamiento like '1984-10-31')),  ((select j.JefeId from Jefes j where j.Nombre like 'Gump''s fortress' and j.Fecha like '1984-06-15'), (select p.id from Productos p where p.Titulo like 'Super Xevious' and p.Fecha_Lanzamiento like '1984-06-15')),  ((select j.JefeId from Jefes j where j.Nombre like 'Meteor' and j.Fecha like '1984-05-10'), (select p.id from Productos p where p.Titulo like 'Vulgus' and p.Fecha_Lanzamiento like '1984-05-10')),  ((select j.JefeId from Jefes j where j.Nombre like 'Oni' and j.Fecha like '1985-07-07'), (select p.id from Productos p where p.Titulo like 'Ghosts ''n Goblins' and p.Fecha_Lanzamiento like '1985-07-07')),  ((select j.JefeId from Jefes j where j.Nombre like 'Dragon' and j.Fecha like '1985-07-07'), (select p.id from Productos p where p.Titulo like 'Ghosts ''n Goblins' and p.Fecha_Lanzamiento like '1985-07-07')),  ((select j.JefeId from Jefes j where j.Nombre like 'Demon' and j.Fecha like '1985-07-07'), (select p.id from Productos p where p.Titulo like 'Ghosts ''n Goblins' and p.Fecha_Lanzamiento like '1985-07-07')),  ((select j.JefeId from Jefes j where j.Nombre like 'Satan' and j.Fecha like '1985-07-07'), (select p.id from Productos p where p.Titulo like 'Ghosts ''n Goblins' and p.Fecha_Lanzamiento like '1985-07-07')),  ((select j.JefeId from Jefes j where j.Nombre like 'Big Core' and j.Fecha like '1985-02-02'), (select p.id from Productos p where p.Titulo like 'Gradius' and p.Fecha_Lanzamiento like '1985-02-02')),  ((select j.JefeId from Jefes j where j.Nombre like 'Tentacle Alien' and j.Fecha like '1985-02-02'), (select p.id from Productos p where p.Titulo like 'Gradius' and p.Fecha_Lanzamiento like '1985-02-02')),  ((select j.JefeId from Jefes j where j.Nombre like 'Celos Base/Xaerous Brain' and j.Fecha like '1985-02-02'), (select p.id from Productos p where p.Titulo like 'Gradius' and p.Fecha_Lanzamiento like '1985-02-02')),  ((select j.JefeId from Jefes j where j.Nombre like 'Chinese Dragon' and j.Fecha like '1985-10-02'), (select p.id from Productos p where p.Titulo like 'Space Harrier' and p.Fecha_Lanzamiento like '1985-10-02')),  ((select j.JefeId from Jefes j where j.Nombre like 'Olisis' and j.Fecha like '1985-10-02'), (select p.id from Productos p where p.Titulo like 'Space Harrier' and p.Fecha_Lanzamiento like '1985-10-02')),  ((select j.JefeId from Jefes j where j.Nombre like 'Lucasia' and j.Fecha like '1985-10-02'), (select p.id from Productos p where p.Titulo like 'Space Harrier' and p.Fecha_Lanzamiento like '1985-10-02')),  ((select j.JefeId from Jefes j where j.Nombre like 'Uriah' and j.Fecha like '1985-10-02'), (select p.id from Productos p where p.Titulo like 'Space Harrier' and p.Fecha_Lanzamiento like '1985-10-02')),  ((select j.JefeId from Jefes j where j.Nombre like 'Fake Bowser' and j.Fecha like '1985-09-13'), (select p.id from Productos p where p.Titulo like 'Super Mario Bros' and p.Fecha_Lanzamiento like '1985-09-13')),  ((select j.JefeId from Jefes j where j.Nombre like 'Bowser' and j.Fecha like '1985-09-13'), (select p.id from Productos p where p.Titulo like 'Super Mario Bros' and p.Fecha_Lanzamiento like '1985-09-13')),  ((select j.JefeId from Jefes j where j.Nombre like 'Bear Burger' and j.Fecha like '1984-09-13'), (select p.id from Productos p where p.Titulo like 'Super Punch Out!' and p.Fecha_Lanzamiento like '1984-09-13')),  ((select j.JefeId from Jefes j where j.Nombre like 'Dragon Chan' and j.Fecha like '1984-09-13'), (select p.id from Productos p where p.Titulo like 'Super Punch Out!' and p.Fecha_Lanzamiento like '1984-09-13')),  ((select j.JefeId from Jefes j where j.Nombre like 'Vodka Drunkensky' and j.Fecha like '1984-09-13'), (select p.id from Productos p where p.Titulo like 'Super Punch Out!' and p.Fecha_Lanzamiento like '1984-09-13')),  ((select j.JefeId from Jefes j where j.Nombre like 'Great Tiger' and j.Fecha like '1984-09-13'), (select p.id from Productos p where p.Titulo like 'Super Punch Out!' and p.Fecha_Lanzamiento like '1984-09-13')),  ((select j.JefeId from Jefes j where j.Nombre like 'Super Macho Man' and j.Fecha like '1984-09-13'), (select p.id from Productos p where p.Titulo like 'Super Punch Out!' and p.Fecha_Lanzamiento like '1984-09-13')),  ((select j.JefeId from Jefes j where j.Nombre like 'Wang' and j.Fecha like '1984-10-13'), (select p.id from Productos p where p.Titulo like 'Yie Ar Kung-Fu' and p.Fecha_Lanzamiento like '1984-10-13')),  ((select j.JefeId from Jefes j where j.Nombre like 'Tao' and j.Fecha like '1984-10-13'), (select p.id from Productos p where p.Titulo like 'Yie Ar Kung-Fu' and p.Fecha_Lanzamiento like '1984-10-13')),  ((select j.JefeId from Jefes j where j.Nombre like 'Chen' and j.Fecha like '1984-10-13'), (select p.id from Productos p where p.Titulo like 'Yie Ar Kung-Fu' and p.Fecha_Lanzamiento like '1984-10-13')),  ((select j.JefeId from Jefes j where j.Nombre like 'Lang' and j.Fecha like '1984-10-13'), (select p.id from Productos p where p.Titulo like 'Yie Ar Kung-Fu' and p.Fecha_Lanzamiento like '1984-10-13')),  ((select j.JefeId from Jefes j where j.Nombre like 'Wu' and j.Fecha like '1984-10-13'), (select p.id from Productos p where p.Titulo like 'Yie Ar Kung-Fu' and p.Fecha_Lanzamiento like '1984-10-13')),  ((select j.JefeId from Jefes j where j.Nombre like 'Rhino' and j.Fecha like '1986-09-12'), (select p.id from Productos p where p.Titulo like 'Adventure Island' and p.Fecha_Lanzamiento like '1986-09-12')),  ((select j.JefeId from Jefes j where j.Nombre like 'Owl' and j.Fecha like '1986-09-12'), (select p.id from Productos p where p.Titulo like 'Adventure Island' and p.Fecha_Lanzamiento like '1986-09-12')),  ((select j.JefeId from Jefes j where j.Nombre like 'Cyclop' and j.Fecha like '1986-09-12'), (select p.id from Productos p where p.Titulo like 'Adventure Island' and p.Fecha_Lanzamiento like '1986-09-12')),  ((select j.JefeId from Jefes j where j.Nombre like 'Sabertooth' and j.Fecha like '1986-09-12'), (select p.id from Productos p where p.Titulo like 'Adventure Island' and p.Fecha_Lanzamiento like '1986-09-12')),  ((select j.JefeId from Jefes j where j.Nombre like 'Tiger' and j.Fecha like '1986-09-12'), (select p.id from Productos p where p.Titulo like 'Adventure Island' and p.Fecha_Lanzamiento like '1986-09-12')),  ((select j.JefeId from Jefes j where j.Nombre like 'Oni' and j.Fecha like '1986-09-12'), (select p.id from Productos p where p.Titulo like 'Adventure Island' and p.Fecha_Lanzamiento like '1986-09-12')),  ((select j.JefeId from Jefes j where j.Nombre like 'Kappa' and j.Fecha like '1986-09-12'), (select p.id from Productos p where p.Titulo like 'Adventure Island' and p.Fecha_Lanzamiento like '1986-09-12')),  ((select j.JefeId from Jefes j where j.Nombre like 'Jaguar' and j.Fecha like '1986-09-12'), (select p.id from Productos p where p.Titulo like 'Adventure Island' and p.Fecha_Lanzamiento like '1986-09-12')),  ((select j.JefeId from Jefes j where j.Nombre like 'Ox' and j.Fecha like '1986-11-01'), (select p.id from Productos p where p.Titulo like 'Alex Kidd in the Miracle World' and p.Fecha_Lanzamiento like '1986-11-01')),  ((select j.JefeId from Jefes j where j.Nombre like 'Grizzly Bear' and j.Fecha like '1986-11-01'), (select p.id from Productos p where p.Titulo like 'Alex Kidd in the Miracle World' and p.Fecha_Lanzamiento like '1986-11-01')),  ((select j.JefeId from Jefes j where j.Nombre like 'Stone Head' and j.Fecha like '1986-11-01'), (select p.id from Productos p where p.Titulo like 'Alex Kidd in the Miracle World' and p.Fecha_Lanzamiento like '1986-11-01')),  ((select j.JefeId from Jefes j where j.Nombre like 'Scissor Head' and j.Fecha like '1986-11-01'), (select p.id from Productos p where p.Titulo like 'Alex Kidd in the Miracle World' and p.Fecha_Lanzamiento like '1986-11-01')),  ((select j.JefeId from Jefes j where j.Nombre like 'Paper Head' and j.Fecha like '1986-11-01'), (select p.id from Productos p where p.Titulo like 'Alex Kidd in the Miracle World' and p.Fecha_Lanzamiento like '1986-11-01')),  ((select j.JefeId from Jefes j where j.Nombre like 'Janken the Great' and j.Fecha like '1986-11-01'), (select p.id from Productos p where p.Titulo like 'Alex Kidd in the Miracle World' and p.Fecha_Lanzamiento like '1986-11-01')),  ((select j.JefeId from Jefes j where j.Nombre like 'Bat' and j.Fecha like '1986-09-26'), (select p.id from Productos p where p.Titulo like 'Castlevania' and p.Fecha_Lanzamiento like '1986-09-26')),  ((select j.JefeId from Jefes j where j.Nombre like 'Medusa' and j.Fecha like '1986-09-26'), (select p.id from Productos p where p.Titulo like 'Castlevania' and p.Fecha_Lanzamiento like '1986-09-26')),  ((select j.JefeId from Jefes j where j.Nombre like 'Mummy' and j.Fecha like '1986-09-26'), (select p.id from Productos p where p.Titulo like 'Castlevania' and p.Fecha_Lanzamiento like '1986-09-26')),  ((select j.JefeId from Jefes j where j.Nombre like 'Frankenstein' and j.Fecha like '1986-09-26'), (select p.id from Productos p where p.Titulo like 'Castlevania' and p.Fecha_Lanzamiento like '1986-09-26')),  ((select j.JefeId from Jefes j where j.Nombre like 'Death' and j.Fecha like '1986-09-26'), (select p.id from Productos p where p.Titulo like 'Castlevania' and p.Fecha_Lanzamiento like '1986-09-26')),  ((select j.JefeId from Jefes j where j.Nombre like 'Dracula' and j.Fecha like '1986-09-26'), (select p.id from Productos p where p.Titulo like 'Castlevania' and p.Fecha_Lanzamiento like '1986-09-26')),  ((select j.JefeId from Jefes j where j.Nombre like 'Green Dragon' and j.Fecha like '1986-05-27'), (select p.id from Productos p where p.Titulo like 'Dragon Quest' and p.Fecha_Lanzamiento like '1986-05-27')),  ((select j.JefeId from Jefes j where j.Nombre like 'Golem' and j.Fecha like '1986-05-27'), (select p.id from Productos p where p.Titulo like 'Dragon Quest' and p.Fecha_Lanzamiento like '1986-05-27')),  ((select j.JefeId from Jefes j where j.Nombre like 'Dragonlord' and j.Fecha like '1986-05-27'), (select p.id from Productos p where p.Titulo like 'Dragon Quest' and p.Fecha_Lanzamiento like '1986-05-27')),  ((select j.JefeId from Jefes j where j.Nombre like 'El Martillo' and j.Fecha like '2014-09-30'), (select p.id from Productos p where p.Titulo like 'Tierra Media: Sombras de Mordor' and p.Fecha_Lanzamiento like '2014-09-30')),  ((select j.JefeId from Jefes j where j.Nombre like 'Madre ghûl' and j.Fecha like '2014-09-30'), (select p.id from Productos p where p.Titulo like 'Tierra Media: Sombras de Mordor' and p.Fecha_Lanzamiento like '2014-09-30')),  ((select j.JefeId from Jefes j where j.Nombre like 'El graug legendario' and j.Fecha like '2014-09-30'), (select p.id from Productos p where p.Titulo like 'Tierra Media: Sombras de Mordor' and p.Fecha_Lanzamiento like '2014-09-30')),  ((select j.JefeId from Jefes j where j.Nombre like 'Nemesis' and j.Fecha like '2014-09-30'), (select p.id from Productos p where p.Titulo like 'Tierra Media: Sombras de Mordor' and p.Fecha_Lanzamiento like '2014-09-30')),  ((select j.JefeId from Jefes j where j.Nombre like 'La Torre' and j.Fecha like '2014-09-30'), (select p.id from Productos p where p.Titulo like 'Tierra Media: Sombras de Mordor' and p.Fecha_Lanzamiento like '2014-09-30')),  ((select j.JefeId from Jefes j where j.Nombre like 'Las garras de la Mano Negra' and j.Fecha like '2014-09-30'), (select p.id from Productos p where p.Titulo like 'Tierra Media: Sombras de Mordor' and p.Fecha_Lanzamiento like '2014-09-30')),  ((select j.JefeId from Jefes j where j.Nombre like 'La Mano Negra' and j.Fecha like '2014-09-30'), (select p.id from Productos p where p.Titulo like 'Tierra Media: Sombras de Mordor' and p.Fecha_Lanzamiento like '2014-09-30')),  ((select j.JefeId from Jefes j where j.Nombre like 'Shágflak Pastor de ghûls' and j.Fecha like '2014-12-16'), (select p.id from Productos p where p.Titulo like 'Tierra Media: Sombras de Mordor - The Lord of the Hunt' and p.Fecha_Lanzamiento like '2014-12-16')),  ((select j.JefeId from Jefes j where j.Nombre like 'Sauron' and j.Fecha like '2015-02-24'), (select p.id from Productos p where p.Titulo like 'Tierra Media: Sombras de Mordor - The Bright Lord' and p.Fecha_Lanzamiento like '2015-02-24')),  ((select j.JefeId from Jefes j where j.Nombre like 'Gold Giant Dragon' and j.Fecha like '2012-08-02'), (select p.id from Productos p where p.Titulo like 'Clash of Clans' and p.Fecha_Lanzamiento like '2012-08-02')),  ((select j.JefeId from Jefes j where j.Nombre like 'M.O.M.M.A' and j.Fecha like '2023-03-30'), (select p.id from Productos p where p.Titulo like 'Clash of Clans' and p.Fecha_Lanzamiento like '2012-08-02')),  ((select j.JefeId from Jefes j where j.Nombre like 'Goblin King' and j.Fecha like '2021-04-06'), (select p.id from Productos p where p.Titulo like 'Clash Quest' and p.Fecha_Lanzamiento like '2021-04-06')),  ((select j.JefeId from Jefes j where j.Nombre like 'Lava Golem' and j.Fecha like '2021-04-06'), (select p.id from Productos p where p.Titulo like 'Clash Quest' and p.Fecha_Lanzamiento like '2021-04-06')),  ((select j.JefeId from Jefes j where j.Nombre like 'Papa Dragon' and j.Fecha like '2021-04-06'), (select p.id from Productos p where p.Titulo like 'Clash Quest' and p.Fecha_Lanzamiento like '2021-04-06')),  ((select j.JefeId from Jefes j where j.Nombre like 'Lava Hound' and j.Fecha like '2021-06-26'), (select p.id from Productos p where p.Titulo like 'Clash Quest' and p.Fecha_Lanzamiento like '2021-04-06')),  ((select j.JefeId from Jefes j where j.Nombre like 'Bone Bros' and j.Fecha like '2021-11-01'), (select p.id from Productos p where p.Titulo like 'Clash Quest' and p.Fecha_Lanzamiento like '2021-04-06')),  ((select j.JefeId from Jefes j where j.Nombre like 'Volt Viper' and j.Fecha like '2021-11-01'), (select p.id from Productos p where p.Titulo like 'Clash Quest' and p.Fecha_Lanzamiento like '2021-04-06')),  ((select j.JefeId from Jefes j where j.Nombre like 'Mini Lava Golem' and j.Fecha like '2022-03-11'), (select p.id from Productos p where p.Titulo like 'Clash Mini' and p.Fecha_Lanzamiento like '2021-11-08'));
insert into FasesJefes (JefeId, FaseId, Duracion, Nombre, Descripcion)   values   ((select j.JefeId from Jefes j where j.Nombre like 'Meteor' and j.Fecha like '1979-12-12'), 1, '00:08', 'Meteor', 'Un meteorito'), ((select j.JefeId from Jefes j where j.Nombre like 'Meteor' and j.Fecha like '1979-12-12'), 2, '00:12', 'OVNI', 'Un OVNI que se encontraba dentro del meteorito'),  ((select j.JefeId from Jefes j where j.Nombre like 'GS' and j.Fecha like '1980-12-12'), 1, '00:05', 'GS', 'Una nave alienigena roja con tentaculos con GS escrito en el pecho'), ((select j.JefeId from Jefes j where j.Nombre like 'Mothership' and j.Fecha like '1980-10-10'), 1, '00:25', 'Mothership', 'Una nave nodriza enemiga con su reina en el centro'), ((select j.JefeId from Jefes j where j.Nombre like 'Red Commander' and j.Fecha like '1980-10-01'), 1, '00:15', 'Red Commander', 'Un ninja rojo con poderes de fuego'), ((select j.JefeId from Jefes j where j.Nombre like 'White Commander' and j.Fecha like '1980-10-01'), 1, '00:20', 'White Commander', 'Un ninja blanco con poderes de clonacion'), ((select j.JefeId from Jefes j where j.Nombre like 'Destroyer' and j.Fecha like '1980-01-01'), 1, '00:20', 'Destroyer', 'Una cabeza demoniaca verde gigante'),  ((select j.JefeId from Jefes j where j.Nombre like 'Donkey Kong' and j.Fecha like '1983-10-31'), 1, '00:30', 'Donkey Kong', 'Un mono de gran tamaño que esta generando el caos'),  ((select j.JefeId from Jefes j where j.Nombre like 'Black Knight' and j.Fecha like '1983-06-19'), 1, '00:20', 'Black Knight', 'Un caballero negro con una gran espada'),  ((select j.JefeId from Jefes j where j.Nombre like 'Lizard King' and j.Fecha like '1983-06-19'), 1, '00:20', 'Lizard King', 'Un lagarto humanoide con una gran maza y una corona asegurando su papel de rey'),  ((select j.JefeId from Jefes j where j.Nombre like 'Singe the Dragon' and j.Fecha like '1983-06-19'), 1, '01:32', 'Singe the Dragon', 'Un dragon que tiene secuestrada a la princesa'),  ((select j.JefeId from Jefes j where j.Nombre like 'Glass Joe' and j.Fecha like '1983-12-31'), 1, '01:24', 'Glass Joe', 'Un luchador pusilanime'),  ((select j.JefeId from Jefes j where j.Nombre like 'Bald Bull' and j.Fecha like '1983-12-31'), 1, '01:00', 'Bald Bull', 'Un luchador fuertisimo y enfadado'),  ((select j.JefeId from Jefes j where j.Nombre like 'Piston Hurricane' and j.Fecha like '1983-12-31'), 1, '01:00', 'Piston Hurricane', 'Un luchador humilde'),  ((select j.JefeId from Jefes j where j.Nombre like 'Kid Kick' and j.Fecha like '1983-12-31'), 1, '01:08', 'Kid Kick', 'Un joven luchador y rapido'),  ((select j.JefeId from Jefes j where j.Nombre like 'Pizza Pasta' and j.Fecha like '1983-12-31'), 1, '01:22', 'Pizza Pasta', 'Un luchador italiano, subcampeon'),  ((select j.JefeId from Jefes j where j.Nombre like 'Mr. Sandman' and j.Fecha like '1983-12-31'), 1, '01:46', 'Mr. Sandman', 'Campeon de su liga'),  ((select j.JefeId from Jefes j where j.Nombre like 'The Sinistar' and j.Fecha like '1983-10-31'), 1, '00:40', 'The Sinistar', 'Una estrella siniestra a la cual le encanta deborar naves espaciales'),  ((select j.JefeId from Jefes j where j.Nombre like 'Death Star' and j.Fecha like '1983-10-31'), 1, '03:12', 'Death Star', 'La base militar espacial del malvado imperio'),  ((select j.JefeId from Jefes j where j.Nombre like 'Bombardier' and j.Fecha like '1984-10-31'), 1, '00:20', 'Bombardier', 'Un bombardero Japones de la segunda guerra mundial'),  ((select j.JefeId from Jefes j where j.Nombre like 'Toro' and j.Fecha like '1984-10-31'), 1, '01:00', 'Toro', 'Un toro de una corrida de toros'),  ((select j.JefeId from Jefes j where j.Nombre like 'Dark Ace' and j.Fecha like '1984-10-31'), 1, '01:00', 'Dark Ace', 'Una version oscura de nuestro protagonista'),  ((select j.JefeId from Jefes j where j.Nombre like 'Electric eel' and j.Fecha like '1984-10-31'), 1, '00:40', 'Electric eel', 'Una gigante angila electrica controlada por el villano de esta historia'),  ((select j.JefeId from Jefes j where j.Nombre like 'Commander Borf' and j.Fecha like '1984-10-31'), 1, '02:00', 'Commander Borf', 'Un señor de la guerra del espacio'),  ((select j.JefeId from Jefes j where j.Nombre like 'Gump''s fortress' and j.Fecha like '1984-06-15'), 1, '00:45', 'Gump''s fortress', 'Una fortaleza de Gump'),  ((select j.JefeId from Jefes j where j.Nombre like 'Meteor' and j.Fecha like '1984-05-10'), 1, '01:30', 'Meteor', 'Un meteorito viviente que se defiende usando otros meteoritos'),  ((select j.JefeId from Jefes j where j.Nombre like 'Oni' and j.Fecha like '1985-07-07'), 1, '00:15', 'Oni', 'Un oni gris con armadura'),  ((select j.JefeId from Jefes j where j.Nombre like 'Dragon' and j.Fecha like '1985-07-07'), 1, '00:40', 'Dragon', 'Un dragon chino de color azul'),  ((select j.JefeId from Jefes j where j.Nombre like 'Demon' and j.Fecha like '1985-07-07'), 1, '00:30', 'Demon', 'Un demonio alado de color rojo'),  ((select j.JefeId from Jefes j where j.Nombre like 'Satan' and j.Fecha like '1985-07-07'), 1, '00:07', 'Satan', 'El rey de los demonios'),  ((select j.JefeId from Jefes j where j.Nombre like 'Big Core' and j.Fecha like '1985-02-02'), 1, '00:15', 'Big Core', 'Una nave espacial con un gran nucleo en su centro'),  ((select j.JefeId from Jefes j where j.Nombre like 'Tentacle Alien' and j.Fecha like '1985-02-02'), 1, '00:30', 'Tentacle Alien', 'Un alieniguena compuesto de tentaculos'),  ((select j.JefeId from Jefes j where j.Nombre like 'Celos Base/Xaerous Brain' and j.Fecha like '1985-02-02'), 1, '00:15', 'Celos Base/Xaerous Brain', 'Un gran cerebro que es la mente maestra de la invasion alieniguena'),  ((select j.JefeId from Jefes j where j.Nombre like 'Chinese Dragon' and j.Fecha like '1985-10-02'), 1, '01:30', 'Chinese Dragon', 'Un dragon chino'),  ((select j.JefeId from Jefes j where j.Nombre like 'Olisis' and j.Fecha like '1985-10-02'), 1, '00:30', 'Olisis', 'Un conjunto de esferas que disparan al jugador'),  ((select j.JefeId from Jefes j where j.Nombre like 'Lucasia' and j.Fecha like '1985-10-02'), 1, '00:30', 'Lucasia', 'Un conjunto de hexagonos que disparan al jugador'),  ((select j.JefeId from Jefes j where j.Nombre like 'Uriah' and j.Fecha like '1985-10-02'), 1, '01:00', 'Uriah', 'Un dragon chino calaberico'),  ((select j.JefeId from Jefes j where j.Nombre like 'Fake Bowser' and j.Fecha like '1985-09-13'), 1, '01:00', 'Fake Bowser', 'Un secuaz de Bowser disfrazado de este'),  ((select j.JefeId from Jefes j where j.Nombre like 'Bowser' and j.Fecha like '1985-09-13'), 1, '01:00', 'Bowser', 'El rey de los koopa que ha secuestrado a la princesa del reino champiñon'),  ((select j.JefeId from Jefes j where j.Nombre like 'Bear Burger' and j.Fecha like '1984-09-13'), 1, '00:18', 'Bear Burger', 'Campeon de Canada'),  ((select j.JefeId from Jefes j where j.Nombre like 'Dragon Chan' and j.Fecha like '1984-09-13'), 1, '00:36', 'Dragon Chan', 'Campeon de Hong Kong'),  ((select j.JefeId from Jefes j where j.Nombre like 'Vodka Drunkensky' and j.Fecha like '1984-09-13'), 1, '00:28', 'Vodka Drunkensky', 'Campeon de EEUU'),  ((select j.JefeId from Jefes j where j.Nombre like 'Great Tiger' and j.Fecha like '1984-09-13'), 1, '01:21', 'Great Tiger', 'Campeon de la India'),  ((select j.JefeId from Jefes j where j.Nombre like 'Super Macho Man' and j.Fecha like '1984-09-13'), 1, '01:35', 'Super Macho Man', 'Campeon del mundo'),  ((select j.JefeId from Jefes j where j.Nombre like 'Wang' and j.Fecha like '1984-10-13'), 1, '00:30', 'Wang', 'Un gordo con pantalones azules y un palo'),  ((select j.JefeId from Jefes j where j.Nombre like 'Tao' and j.Fecha like '1984-10-13'), 1, '00:45', 'Tao', 'Un gordo con pantalones rosas'),  ((select j.JefeId from Jefes j where j.Nombre like 'Chen' and j.Fecha like '1984-10-13'), 1, '00:35', 'Chen', 'Un gordo con con ropa verde y una maza con pinxos'),  ((select j.JefeId from Jefes j where j.Nombre like 'Lang' and j.Fecha like '1984-10-13'), 1, '00:50', 'Lang', 'Un chica con ropas tradicionales chinas'),  ((select j.JefeId from Jefes j where j.Nombre like 'Wu' and j.Fecha like '1984-10-13'), 1, '00:30', 'Wu', 'Un hombre rojo con pantalones grises'),  ((select j.JefeId from Jefes j where j.Nombre like 'Rhino' and j.Fecha like '1986-09-12'), 1, '00:45', 'Rhino', 'Un golem con cara de rinoceronte'),  ((select j.JefeId from Jefes j where j.Nombre like 'Owl' and j.Fecha like '1986-09-12'), 1, '00:45', 'Owl', 'Un golem con cara de buho'),  ((select j.JefeId from Jefes j where j.Nombre like 'Cyclop' and j.Fecha like '1986-09-12'), 1, '00:45', 'Cyclop', 'Un golem con cara de ciclope'),  ((select j.JefeId from Jefes j where j.Nombre like 'Sabertooth' and j.Fecha like '1986-09-12'), 1, '00:45', 'Sabertooth', 'Un golem con cara de un dientes de sabre'),  ((select j.JefeId from Jefes j where j.Nombre like 'Tiger' and j.Fecha like '1986-09-12'), 1, '00:45', 'Tiger', 'Un golem con cara de tigre'),  ((select j.JefeId from Jefes j where j.Nombre like 'Oni' and j.Fecha like '1986-09-12'), 1, '00:45', 'Oni', 'Un golem con cara de un oni'),  ((select j.JefeId from Jefes j where j.Nombre like 'Kappa' and j.Fecha like '1986-09-12'), 1, '00:45', 'Kappa', 'Un golem con cara de un kappa'),  ((select j.JefeId from Jefes j where j.Nombre like 'Jaguar' and j.Fecha like '1986-09-12'), 1, '00:45', 'Jaguar', 'Un golem con cara de un jaguar'),  ((select j.JefeId from Jefes j where j.Nombre like 'Ox' and j.Fecha like '1986-11-01'), 1, '00:30', 'Ox', 'Un toro'),  ((select j.JefeId from Jefes j where j.Nombre like 'Grizzly Bear' and j.Fecha like '1986-11-01'), 1, '00:12', 'Grizzly Bear', 'Un oso azul con una armadura y una gran espada'),  ((select j.JefeId from Jefes j where j.Nombre like 'Stone Head' and j.Fecha like '1986-11-01'), 1, '00:50', 'Stone Head', 'Una persona con una cameza en forma de puño cerrado'),  ((select j.JefeId from Jefes j where j.Nombre like 'Stone Head' and j.Fecha like '1986-11-01'), 2, '00:10', 'Stone Head', 'La cabeza se sale volando'),  ((select j.JefeId from Jefes j where j.Nombre like 'Scissor Head' and j.Fecha like '1986-11-01'), 1, '00:50', 'Scissor Head', 'Una persona con una cameza en forma de puño  haciendo unas tijeras'),  ((select j.JefeId from Jefes j where j.Nombre like 'Scissor Head' and j.Fecha like '1986-11-01'), 2, '00:10', 'Stone Head', 'La cabeza se sale volando'),  ((select j.JefeId from Jefes j where j.Nombre like 'Paper Head' and j.Fecha like '1986-11-01'), 1, '00:50', 'Paper Head', 'Una persona con una cameza en forma de puño abierto'),  ((select j.JefeId from Jefes j where j.Nombre like 'Paper Head' and j.Fecha like '1986-11-01'), 2, '00:10', 'Stone Head', 'La cabeza se sale volando'),  ((select j.JefeId from Jefes j where j.Nombre like 'Janken the Great' and j.Fecha like '1986-11-01'), 1, '00:50', 'Janken the Great', 'Una persona disfrazada de oni'),  ((select j.JefeId from Jefes j where j.Nombre like 'Janken the Great' and j.Fecha like '1986-11-01'), 2, '00:30', 'Janken the Great', 'Una persona disfrazada de oni'),  ((select j.JefeId from Jefes j where j.Nombre like 'Bat' and j.Fecha like '1986-09-26'), 1, '00:20', 'Bat', 'Un murcielago de gran tamaño'),  ((select j.JefeId from Jefes j where j.Nombre like 'Medusa' and j.Fecha like '1986-09-26'), 1, '00:20', 'Medusa', 'Una mujer capaz de convertir a quien lo mire en estatua'),  ((select j.JefeId from Jefes j where j.Nombre like 'Mummy' and j.Fecha like '1986-09-26'), 1, '00:40', 'Mummy', 'Unas momias'),  ((select j.JefeId from Jefes j where j.Nombre like 'Frankenstein' and j.Fecha like '1986-09-26'), 1, '00:30', 'Frankenstein', 'Un mounstro con una vida artificial y un compañero saltarin'),  ((select j.JefeId from Jefes j where j.Nombre like 'Death' and j.Fecha like '1986-09-26'), 1, '00:20', 'Death', 'La muerte misma'),  ((select j.JefeId from Jefes j where j.Nombre like 'Dracula' and j.Fecha like '1986-09-26'), 1, '02:00', 'Dracula', 'El Conde Dracula, un vampiro humanoide y lider de estos'),  ((select j.JefeId from Jefes j where j.Nombre like 'Dracula' and j.Fecha like '1986-09-26'), 2, '00:30', 'Dracula', 'El conde Dracula se transforma en un mounstruo vampirico gigante'),  ((select j.JefeId from Jefes j where j.Nombre like 'Green Dragon' and j.Fecha like '1986-05-27'), 1, '00:34', 'Green Dragon', 'Un dragon verde'),  ((select j.JefeId from Jefes j where j.Nombre like 'Golem' and j.Fecha like '1986-05-27'), 1, '00:34', 'Golem', 'Un golem que bloquea el camino'),  ((select j.JefeId from Jefes j where j.Nombre like 'Dragonlord' and j.Fecha like '1986-05-27'), 1, '00:10', 'Dragonlord', 'El señor de los dragones'),  ((select j.JefeId from Jefes j where j.Nombre like 'Dragonlord' and j.Fecha like '1986-05-27'), 2, '03:20', 'Dragonlord', 'El señor de los dragones se ha transformado en un dragon morado'),  ((select j.JefeId from Jefes j where j.Nombre like 'El Martillo' and j.Fecha like '2014-09-30'), 1, '04:27', 'El Martillo', 'Uno de los comandantes de Sauron, el estaba presente cuando te mataron a ti y a tu familia, tiene un gran martillo'),  ((select j.JefeId from Jefes j where j.Nombre like 'Madre ghûl' and j.Fecha like '2014-09-30'), 1, '01:17', 'Madre ghûl', 'Una madre de la especie de los ghûl'),  ((select j.JefeId from Jefes j where j.Nombre like 'El graug legendario' and j.Fecha like '2014-09-30'), 1, '08:27', 'El graug legendario', 'Un graug conocido por leyendas debido a su gran poder'),  ((select j.JefeId from Jefes j where j.Nombre like 'El graug legendario' and j.Fecha like '2014-09-30'), 2, '08:27', 'El graug legendario', 'El graug legendario procede a ignorarte para comenzar a comer ghûl'),  ((select j.JefeId from Jefes j where j.Nombre like 'Nemesis' and j.Fecha like '2014-09-30'), 1, '01:58', 'Nemesis', 'Supuestamente, el enemigo que mas dificil te lo ha peusto en tu aventura, pero ahora mas fuerte y con un ejercito'),  ((select j.JefeId from Jefes j where j.Nombre like 'La Torre' and j.Fecha like '2014-09-30'), 1, '02:30', 'La Torre', 'Uno de los comandantes de Sauron, el estaba presente cuando mataron a ti y a tu familia, tiene poderes mentales'),  ((select j.JefeId from Jefes j where j.Nombre like 'La Torre' and j.Fecha like '2014-09-30'), 2, '01:00', 'La Torre', 'La Torre adopta la forma de tu difunta esposa'),  ((select j.JefeId from Jefes j where j.Nombre like 'Las garras de la Mano Negra' and j.Fecha like '2014-09-30'), 1, '03:27', 'Las garras de la Mano Negra', 'El ejercito personal de la Mano Negra'),  ((select j.JefeId from Jefes j where j.Nombre like 'La Mano Negra' and j.Fecha like '2014-09-30'), 1, '02:40', 'La Mano Negra', 'Uno de los comandantes de Sauron, el lider de aquellos que estaban ahi cuando mataron a tu familia, ademas de eso ha revivido a Sauron usando su cuerpo para invocarlo'),  ((select j.JefeId from Jefes j where j.Nombre like 'Shágflak Pastor de ghûls' and j.Fecha like '2014-12-16'), 1, '02:27', 'Shágflak Pastor de ghûls', 'El lider de los trolls de caza, ha adoptado y entrenado ghûls para que le ayuden en la caza'),  ((select j.JefeId from Jefes j where j.Nombre like 'Shágflak Pastor de ghûls' and j.Fecha like '2014-12-16'), 2, '07:00', 'Shágflak Pastor de ghûls', 'Despues de perder el control sobre sus ghûls, Shágflak huye triste para reposicionarse'),  ((select j.JefeId from Jefes j where j.Nombre like 'Sauron' and j.Fecha like '2015-02-24'), 1, '04:00', 'Sauron', 'Sauron viene para hacer un uno contra uno'),  ((select j.JefeId from Jefes j where j.Nombre like 'Sauron' and j.Fecha like '2015-02-24'), 2, '04:30', 'Sauron', 'Sauron se va y rompe el vinculo con el ejercito del jugador haciendo que se revelen contra ti'),  ((select j.JefeId from Jefes j where j.Nombre like 'Sauron' and j.Fecha like '2015-02-24'), 3, '04:21', 'Sauron', 'Sauron revivo a uno de los comandantes de tu ejercito para luchar juntos contra ti'),  ((select j.JefeId from Jefes j where j.Nombre like 'Gold Giant Dragon' and j.Fecha like '2012-08-02'), 1, '00:20', 'Gold Giant Dragon', 'Un dragon dorado gigante con una gran potencia de fuego'),  ((select j.JefeId from Jefes j where j.Nombre like 'M.O.M.M.A' and j.Fecha like '2023-03-30'), 1, '01:43', 'M.O.M.M.A', 'Una P.E.K.K.A capaz de generar explosiones'),  ((select j.JefeId from Jefes j where j.Nombre like 'Goblin King' and j.Fecha like '2021-04-06'), 1, '01:00', 'Goblin King', 'El rey de los duendes, un duende gordo gigante con un gran baston'),  ((select j.JefeId from Jefes j where j.Nombre like 'Lava Golem' and j.Fecha like '2021-04-06'), 1, '01:00', 'Lava Golem', 'Un golem de lava, con un volcan en hombros y cabeza'),  ((select j.JefeId from Jefes j where j.Nombre like 'Papa Dragon' and j.Fecha like '2021-04-06'), 1, '01:00', 'Papa Dragon', 'El padre del baby dragon del Clash Royale'),  ((select j.JefeId from Jefes j where j.Nombre like 'Lava Hound' and j.Fecha like '2021-06-26'), 1, '01:00', 'Lava Hound', 'Un perro volador de lava'),  ((select j.JefeId from Jefes j where j.Nombre like 'Bone Bros' and j.Fecha like '2021-11-01'), 1, '01:00', 'Bone Bros', 'Dos perros esqueleticos a los cuales les gustan muchos los huesos'),  ((select j.JefeId from Jefes j where j.Nombre like 'Volt Viper' and j.Fecha like '2021-11-01'), 1, '01:00', 'Volt Viper', 'Una serpiente de piedra con generadores electricos a su espalda'),  ((select j.JefeId from Jefes j where j.Nombre like 'Mini Lava Golem' and j.Fecha like '2022-03-11'), 1, '01:00', 'Mini Lava Golem', 'Un golem de lava, con un volcan en la cabeza');
insert into Ataques (DescripcionAtaque)   values   ('Disparos rectos'), ('Disparos que tambalean'),  ('Disparos inclinados'), ('Invoca enemigos'), ('Disparos explosivos'), ('Embiste al jugador'),  ('Se multiplica'), ('Dispara proyectiles que siguen el escenario'), ('Dispara en una direccion aleatoria'),  ('Se mueve por el escenario'), ('Dispara al jugador'), ('Dispara teledirigido'),  ('Genera zonas de daño en el escenario'),  ('Da un gran golpe en la posicion del jugador'),  ('Persigue al jugador'),  ('Lanza llamas a la posicion del jugador'),  ('Pega al jugador'), ('Esquiva'),  ('Quick Time Event'),  ('Salta'),  ('Dispara en parabola'),  ('Da un gran golpe al jugador'),  ('Piedra, Papel, Tijera'),  ('Se teletransporta'),  ('Bloquea los ataques'),  ('Contraataque'), ('Se cura'),  ('Explosion en la posicion del jugador'),  ('Pega en area'), ('Se posiciona en una posicion ventajosa'), ('Provoca un stun'),  ('Dispara a varios objetivos');
insert into FasesJefesAtaques (IdJefe, IdFase, IdAtaque)   values   ((select j.JefeId from Jefes j where j.Nombre like 'Meteor' and j.Fecha like '1979-12-12'), 2, (select a.Id from Ataques a where a.DescripcionAtaque like 'Disparos rectos')), ((select j.JefeId from Jefes j where j.Nombre like 'Meteor' and j.Fecha like '1979-12-12'), 2, (select a.Id from Ataques a where a.DescripcionAtaque like 'Disparos que tambalean')),  ((select j.JefeId from Jefes j where j.Nombre like 'Donkey Kong' and j.Fecha like '1983-10-31'), 1, (select a.Id from Ataques a where a.DescripcionAtaque like 'Invoca enemigos')),  ((select j.JefeId from Jefes j where j.Nombre like 'Black Knight' and j.Fecha like '1983-06-19'), 1, (select a.Id from Ataques a where a.DescripcionAtaque like 'Genera zonas de daño en el escenario')),  ((select j.JefeId from Jefes j where j.Nombre like 'Lizard King' and j.Fecha like '1983-06-19'), 1, (select a.Id from Ataques a where a.DescripcionAtaque like 'Da un gran golpe en la posicion del jugador')),  ((select j.JefeId from Jefes j where j.Nombre like 'Lizard King' and j.Fecha like '1983-06-19'), 1, (select a.Id from Ataques a where a.DescripcionAtaque like 'Persigue al jugador')),  ((select j.JefeId from Jefes j where j.Nombre like 'Singe the Dragon' and j.Fecha like '1983-06-19'), 1, (select a.Id from Ataques a where a.DescripcionAtaque like 'Da un gran golpe en la posicion del jugador')),  ((select j.JefeId from Jefes j where j.Nombre like 'Singe the Dragon' and j.Fecha like '1983-06-19'), 1, (select a.Id from Ataques a where a.DescripcionAtaque like 'Lanza llamas a la posicion del jugador')),  ((select j.JefeId from Jefes j where j.Nombre like 'Glass Joe' and j.Fecha like '1983-12-31'), 1, (select a.Id from Ataques a where a.DescripcionAtaque like 'Pega al jugador')),  ((select j.JefeId from Jefes j where j.Nombre like 'Glass Joe' and j.Fecha like '1983-12-31'), 1, (select a.Id from Ataques a where a.DescripcionAtaque like 'Esquiva')),  ((select j.JefeId from Jefes j where j.Nombre like 'Bald Bull' and j.Fecha like '1983-12-31'), 1, (select a.Id from Ataques a where a.DescripcionAtaque like 'Pega al jugador')),  ((select j.JefeId from Jefes j where j.Nombre like 'Bald Bull' and j.Fecha like '1983-12-31'), 1, (select a.Id from Ataques a where a.DescripcionAtaque like 'Esquiva')),  ((select j.JefeId from Jefes j where j.Nombre like 'Piston Hurricane' and j.Fecha like '1983-12-31'), 1, (select a.Id from Ataques a where a.DescripcionAtaque like 'Pega al jugador')),  ((select j.JefeId from Jefes j where j.Nombre like 'Piston Hurricane' and j.Fecha like '1983-12-31'), 1, (select a.Id from Ataques a where a.DescripcionAtaque like 'Esquiva')),  ((select j.JefeId from Jefes j where j.Nombre like 'Kid Kick' and j.Fecha like '1983-12-31'), 1, (select a.Id from Ataques a where a.DescripcionAtaque like 'Pega al jugador')),  ((select j.JefeId from Jefes j where j.Nombre like 'Kid Kick' and j.Fecha like '1983-12-31'), 1, (select a.Id from Ataques a where a.DescripcionAtaque like 'Esquiva')),  ((select j.JefeId from Jefes j where j.Nombre like 'Pizza Pasta' and j.Fecha like '1983-12-31'), 1, (select a.Id from Ataques a where a.DescripcionAtaque like 'Pega al jugador')),  ((select j.JefeId from Jefes j where j.Nombre like 'Pizza Pasta' and j.Fecha like '1983-12-31'), 1, (select a.Id from Ataques a where a.DescripcionAtaque like 'Esquiva')),  ((select j.JefeId from Jefes j where j.Nombre like 'Mr. Sandman' and j.Fecha like '1983-12-31'), 1, (select a.Id from Ataques a where a.DescripcionAtaque like 'Pega al jugador')),  ((select j.JefeId from Jefes j where j.Nombre like 'Mr. Sandman' and j.Fecha like '1983-12-31'), 1, (select a.Id from Ataques a where a.DescripcionAtaque like 'Esquiva')),  ((select j.JefeId from Jefes j where j.Nombre like 'The Sinistar' and j.Fecha like '1983-10-31'), 1, (select a.Id from Ataques a where a.DescripcionAtaque like 'Persigue al jugador')),  ((select j.JefeId from Jefes j where j.Nombre like 'Bombardier' and j.Fecha like '1984-10-31'), 1, (select a.Id from Ataques a where a.DescripcionAtaque like 'Dispara en una direccion aleatoria')),  ((select j.JefeId from Jefes j where j.Nombre like 'Toro' and j.Fecha like '1984-10-31'), 1, (select a.Id from Ataques a where a.DescripcionAtaque like 'Persigue al jugador')),  ((select j.JefeId from Jefes j where j.Nombre like 'Dark Ace' and j.Fecha like '1984-10-31'), 1, (select a.Id from Ataques a where a.DescripcionAtaque like 'Quick Time Event')),  ((select j.JefeId from Jefes j where j.Nombre like 'Electric eel' and j.Fecha like '1984-10-31'), 1, (select a.Id from Ataques a where a.DescripcionAtaque like 'Quick Time Event')),  ((select j.JefeId from Jefes j where j.Nombre like 'Commander Borf' and j.Fecha like '1984-10-31'), 1, (select a.Id from Ataques a where a.DescripcionAtaque like 'Quick Time Event')),  ((select j.JefeId from Jefes j where j.Nombre like 'Gump''s fortress' and j.Fecha like '1984-06-15'), 1, (select a.Id from Ataques a where a.DescripcionAtaque like 'Invoca enemigos')),  ((select j.JefeId from Jefes j where j.Nombre like 'Meteor' and j.Fecha like '1984-05-10'), 1, (select a.Id from Ataques a where a.DescripcionAtaque like 'Dispara al jugador')),  ((select j.JefeId from Jefes j where j.Nombre like 'Meteor' and j.Fecha like '1984-05-10'), 1, (select a.Id from Ataques a where a.DescripcionAtaque like 'Dispara teledirigido')),  ((select j.JefeId from Jefes j where j.Nombre like 'Oni' and j.Fecha like '1985-07-07'), 1, (select a.Id from Ataques a where a.DescripcionAtaque like 'Salta')),  ((select j.JefeId from Jefes j where j.Nombre like 'Dragon' and j.Fecha like '1985-07-07'), 1, (select a.Id from Ataques a where a.DescripcionAtaque like 'Se mueve por el escenario')),  ((select j.JefeId from Jefes j where j.Nombre like 'Demon' and j.Fecha like '1985-07-07'), 1, (select a.Id from Ataques a where a.DescripcionAtaque like 'Embiste al jugador')),  ((select j.JefeId from Jefes j where j.Nombre like 'Satan' and j.Fecha like '1985-07-07'), 1, (select a.Id from Ataques a where a.DescripcionAtaque like 'Persigue al jugador')),  ((select j.JefeId from Jefes j where j.Nombre like 'Satan' and j.Fecha like '1985-07-07'), 1, (select a.Id from Ataques a where a.DescripcionAtaque like 'Dispara al jugador')),  ((select j.JefeId from Jefes j where j.Nombre like 'Big Core' and j.Fecha like '1985-02-02'), 1, (select a.Id from Ataques a where a.DescripcionAtaque like 'Disparos rectos')),  ((select j.JefeId from Jefes j where j.Nombre like 'Big Core' and j.Fecha like '1985-02-02'), 1, (select a.Id from Ataques a where a.DescripcionAtaque like 'Embiste al jugador')),  ((select j.JefeId from Jefes j where j.Nombre like 'Tentacle Alien' and j.Fecha like '1985-02-02'), 1, (select a.Id from Ataques a where a.DescripcionAtaque like 'Dispara en una direccion aleatoria')),  ((select j.JefeId from Jefes j where j.Nombre like 'Chinese Dragon' and j.Fecha like '1985-10-02'), 1, (select a.Id from Ataques a where a.DescripcionAtaque like 'Dispara al jugador')),  ((select j.JefeId from Jefes j where j.Nombre like 'Chinese Dragon' and j.Fecha like '1985-10-02'), 1, (select a.Id from Ataques a where a.DescripcionAtaque like 'Embiste al jugador')),  ((select j.JefeId from Jefes j where j.Nombre like 'Olisis' and j.Fecha like '1985-10-02'), 1, (select a.Id from Ataques a where a.DescripcionAtaque like 'Dispara al jugador')),  ((select j.JefeId from Jefes j where j.Nombre like 'Lucasia' and j.Fecha like '1985-10-02'), 1, (select a.Id from Ataques a where a.DescripcionAtaque like 'Dispara al jugador')),  ((select j.JefeId from Jefes j where j.Nombre like 'Uriah' and j.Fecha like '1985-10-02'), 1, (select a.Id from Ataques a where a.DescripcionAtaque like 'Dispara al jugador')),  ((select j.JefeId from Jefes j where j.Nombre like 'Uriah' and j.Fecha like '1985-10-02'), 1, (select a.Id from Ataques a where a.DescripcionAtaque like 'Embiste al jugador')),  ((select j.JefeId from Jefes j where j.Nombre like 'Fake Bowser' and j.Fecha like '1985-09-13'), 1, (select a.Id from Ataques a where a.DescripcionAtaque like 'Salta')),  ((select j.JefeId from Jefes j where j.Nombre like 'Fake Bowser' and j.Fecha like '1985-09-13'), 1, (select a.Id from Ataques a where a.DescripcionAtaque like 'Disparos rectos')),  ((select j.JefeId from Jefes j where j.Nombre like 'Bowser' and j.Fecha like '1985-09-13'), 1, (select a.Id from Ataques a where a.DescripcionAtaque like 'Salta')),  ((select j.JefeId from Jefes j where j.Nombre like 'Bowser' and j.Fecha like '1985-09-13'), 1, (select a.Id from Ataques a where a.DescripcionAtaque like 'Disparos rectos')),  ((select j.JefeId from Jefes j where j.Nombre like 'Bowser' and j.Fecha like '1985-09-13'), 1, (select a.Id from Ataques a where a.DescripcionAtaque like 'Dispara en parabola')),  ((select j.JefeId from Jefes j where j.Nombre like 'Bear Burger' and j.Fecha like '1984-09-13'), 1, (select a.Id from Ataques a where a.DescripcionAtaque like 'Pega al jugador')),  ((select j.JefeId from Jefes j where j.Nombre like 'Bear Burger' and j.Fecha like '1984-09-13'), 1, (select a.Id from Ataques a where a.DescripcionAtaque like 'Esquiva')),  ((select j.JefeId from Jefes j where j.Nombre like 'Bear Burger' and j.Fecha like '1984-09-13'), 1, (select a.Id from Ataques a where a.DescripcionAtaque like 'Da un gran golpe al jugador')),  ((select j.JefeId from Jefes j where j.Nombre like 'Dragon Chan' and j.Fecha like '1984-09-13'), 1, (select a.Id from Ataques a where a.DescripcionAtaque like 'Pega al jugador')),  ((select j.JefeId from Jefes j where j.Nombre like 'Dragon Chan' and j.Fecha like '1984-09-13'), 1, (select a.Id from Ataques a where a.DescripcionAtaque like 'Esquiva')),  ((select j.JefeId from Jefes j where j.Nombre like 'Dragon Chan' and j.Fecha like '1984-09-13'), 1, (select a.Id from Ataques a where a.DescripcionAtaque like 'Da un gran golpe al jugador')),  ((select j.JefeId from Jefes j where j.Nombre like 'Vodka Drunkensky' and j.Fecha like '1984-09-13'), 1, (select a.Id from Ataques a where a.DescripcionAtaque like 'Pega al jugador')),  ((select j.JefeId from Jefes j where j.Nombre like 'Vodka Drunkensky' and j.Fecha like '1984-09-13'), 1, (select a.Id from Ataques a where a.DescripcionAtaque like 'Esquiva')),  ((select j.JefeId from Jefes j where j.Nombre like 'Vodka Drunkensky' and j.Fecha like '1984-09-13'), 1, (select a.Id from Ataques a where a.DescripcionAtaque like 'Da un gran golpe al jugador')),  ((select j.JefeId from Jefes j where j.Nombre like 'Great Tiger' and j.Fecha like '1984-09-13'), 1, (select a.Id from Ataques a where a.DescripcionAtaque like 'Pega al jugador')),  ((select j.JefeId from Jefes j where j.Nombre like 'Great Tiger' and j.Fecha like '1984-09-13'), 1, (select a.Id from Ataques a where a.DescripcionAtaque like 'Esquiva')),  ((select j.JefeId from Jefes j where j.Nombre like 'Great Tiger' and j.Fecha like '1984-09-13'), 1, (select a.Id from Ataques a where a.DescripcionAtaque like 'Da un gran golpe al jugador')),  ((select j.JefeId from Jefes j where j.Nombre like 'Super Macho Man' and j.Fecha like '1984-09-13'), 1, (select a.Id from Ataques a where a.DescripcionAtaque like 'Pega al jugador')),  ((select j.JefeId from Jefes j where j.Nombre like 'Super Macho Man' and j.Fecha like '1984-09-13'), 1, (select a.Id from Ataques a where a.DescripcionAtaque like 'Esquiva')),  ((select j.JefeId from Jefes j where j.Nombre like 'Super Macho Man' and j.Fecha like '1984-09-13'), 1, (select a.Id from Ataques a where a.DescripcionAtaque like 'Da un gran golpe al jugador')),  ((select j.JefeId from Jefes j where j.Nombre like 'Wang' and j.Fecha like '1984-10-13'), 1, (select a.Id from Ataques a where a.DescripcionAtaque like 'Pega al jugador')),  ((select j.JefeId from Jefes j where j.Nombre like 'Wang' and j.Fecha like '1984-10-13'), 1, (select a.Id from Ataques a where a.DescripcionAtaque like 'Da un gran golpe al jugador')),  ((select j.JefeId from Jefes j where j.Nombre like 'Tao' and j.Fecha like '1984-10-13'), 1, (select a.Id from Ataques a where a.DescripcionAtaque like 'Pega al jugador')),  ((select j.JefeId from Jefes j where j.Nombre like 'Tao' and j.Fecha like '1984-10-13'), 1, (select a.Id from Ataques a where a.DescripcionAtaque like 'Disparos rectos')),  ((select j.JefeId from Jefes j where j.Nombre like 'Chen' and j.Fecha like '1984-10-13'), 1, (select a.Id from Ataques a where a.DescripcionAtaque like 'Pega al jugador')),  ((select j.JefeId from Jefes j where j.Nombre like 'Chen' and j.Fecha like '1984-10-13'), 1, (select a.Id from Ataques a where a.DescripcionAtaque like 'Disparos rectos')),  ((select j.JefeId from Jefes j where j.Nombre like 'Chen' and j.Fecha like '1984-10-13'), 1, (select a.Id from Ataques a where a.DescripcionAtaque like 'Se mueve por el escenario')),  ((select j.JefeId from Jefes j where j.Nombre like 'Lang' and j.Fecha like '1984-10-13'), 1, (select a.Id from Ataques a where a.DescripcionAtaque like 'Pega al jugador')),  ((select j.JefeId from Jefes j where j.Nombre like 'Lang' and j.Fecha like '1984-10-13'), 1, (select a.Id from Ataques a where a.DescripcionAtaque like 'Disparos rectos')),  ((select j.JefeId from Jefes j where j.Nombre like 'Wu' and j.Fecha like '1984-10-13'), 1, (select a.Id from Ataques a where a.DescripcionAtaque like 'Pega al jugador')),  ((select j.JefeId from Jefes j where j.Nombre like 'Wu' and j.Fecha like '1984-10-13'), 1, (select a.Id from Ataques a where a.DescripcionAtaque like 'Embiste al jugador')),  ((select j.JefeId from Jefes j where j.Nombre like 'Rhino' and j.Fecha like '1986-09-12'), 1, (select a.Id from Ataques a where a.DescripcionAtaque like 'Dispara en parabola')),  ((select j.JefeId from Jefes j where j.Nombre like 'Owl' and j.Fecha like '1986-09-12'), 1, (select a.Id from Ataques a where a.DescripcionAtaque like 'Dispara en parabola')),  ((select j.JefeId from Jefes j where j.Nombre like 'Cyclop' and j.Fecha like '1986-09-12'), 1, (select a.Id from Ataques a where a.DescripcionAtaque like 'Dispara en parabola')),  ((select j.JefeId from Jefes j where j.Nombre like 'Sabertooth' and j.Fecha like '1986-09-12'), 1, (select a.Id from Ataques a where a.DescripcionAtaque like 'Dispara en parabola')),  ((select j.JefeId from Jefes j where j.Nombre like 'Tiger' and j.Fecha like '1986-09-12'), 1, (select a.Id from Ataques a where a.DescripcionAtaque like 'Dispara en parabola')),  ((select j.JefeId from Jefes j where j.Nombre like 'Oni' and j.Fecha like '1986-09-12'), 1, (select a.Id from Ataques a where a.DescripcionAtaque like 'Dispara en parabola')),  ((select j.JefeId from Jefes j where j.Nombre like 'Kappa' and j.Fecha like '1986-09-12'), 1, (select a.Id from Ataques a where a.DescripcionAtaque like 'Dispara en parabola')),  ((select j.JefeId from Jefes j where j.Nombre like 'Jaguar' and j.Fecha like '1986-09-12'), 1, (select a.Id from Ataques a where a.DescripcionAtaque like 'Dispara en parabola')),  ((select j.JefeId from Jefes j where j.Nombre like 'Ox' and j.Fecha like '1986-11-01'), 1, (select a.Id from Ataques a where a.DescripcionAtaque like 'Se mueve por el escenario')),  ((select j.JefeId from Jefes j where j.Nombre like 'Grizzly Bear' and j.Fecha like '1986-11-01'), 1, (select a.Id from Ataques a where a.DescripcionAtaque like 'Pega al jugador')),  ((select j.JefeId from Jefes j where j.Nombre like 'Grizzly Bear' and j.Fecha like '1986-11-01'), 1, (select a.Id from Ataques a where a.DescripcionAtaque like 'Dispara al jugador')),  ((select j.JefeId from Jefes j where j.Nombre like 'Stone Head' and j.Fecha like '1986-11-01'), 1, (select a.Id from Ataques a where a.DescripcionAtaque like 'Piedra, Papel, Tijera')),  ((select j.JefeId from Jefes j where j.Nombre like 'Stone Head' and j.Fecha like '1986-11-01'), 2, (select a.Id from Ataques a where a.DescripcionAtaque like 'Se mueve por el escenario')),  ((select j.JefeId from Jefes j where j.Nombre like 'Scissor Head' and j.Fecha like '1986-11-01'), 1, (select a.Id from Ataques a where a.DescripcionAtaque like 'Piedra, Papel, Tijera')),  ((select j.JefeId from Jefes j where j.Nombre like 'Scissor Head' and j.Fecha like '1986-11-01'), 2, (select a.Id from Ataques a where a.DescripcionAtaque like 'Se mueve por el escenario')),  ((select j.JefeId from Jefes j where j.Nombre like 'Paper Head' and j.Fecha like '1986-11-01'), 1, (select a.Id from Ataques a where a.DescripcionAtaque like 'Piedra, Papel, Tijera')),  ((select j.JefeId from Jefes j where j.Nombre like 'Paper Head' and j.Fecha like '1986-11-01'), 2, (select a.Id from Ataques a where a.DescripcionAtaque like 'Se mueve por el escenario')),  ((select j.JefeId from Jefes j where j.Nombre like 'Paper Head' and j.Fecha like '1986-11-01'), 2, (select a.Id from Ataques a where a.DescripcionAtaque like 'Embiste al jugador')),  ((select j.JefeId from Jefes j where j.Nombre like 'Janken the Great' and j.Fecha like '1986-11-01'), 1, (select a.Id from Ataques a where a.DescripcionAtaque like 'Piedra, Papel, Tijera')),  ((select j.JefeId from Jefes j where j.Nombre like 'Janken the Great' and j.Fecha like '1986-11-01'), 2, (select a.Id from Ataques a where a.DescripcionAtaque like 'Disparos que tambalean')),  ((select j.JefeId from Jefes j where j.Nombre like 'Bat' and j.Fecha like '1986-09-26'), 1, (select a.Id from Ataques a where a.DescripcionAtaque like 'Se mueve por el escenario')),  ((select j.JefeId from Jefes j where j.Nombre like 'Medusa' and j.Fecha like '1986-09-26'), 1, (select a.Id from Ataques a where a.DescripcionAtaque like 'Se mueve por el escenario')),  ((select j.JefeId from Jefes j where j.Nombre like 'Medusa' and j.Fecha like '1986-09-26'), 1, (select a.Id from Ataques a where a.DescripcionAtaque like 'Invoca enemigos')),  ((select j.JefeId from Jefes j where j.Nombre like 'Mummy' and j.Fecha like '1986-09-26'), 1, (select a.Id from Ataques a where a.DescripcionAtaque like 'Se mueve por el escenario')),  ((select j.JefeId from Jefes j where j.Nombre like 'Mummy' and j.Fecha like '1986-09-26'), 1, (select a.Id from Ataques a where a.DescripcionAtaque like 'Invoca enemigos')),  ((select j.JefeId from Jefes j where j.Nombre like 'Frankenstein' and j.Fecha like '1986-09-26'), 1, (select a.Id from Ataques a where a.DescripcionAtaque like 'Se mueve por el escenario')),  ((select j.JefeId from Jefes j where j.Nombre like 'Frankenstein' and j.Fecha like '1986-09-26'), 1, (select a.Id from Ataques a where a.DescripcionAtaque like 'Invoca enemigos')),  ((select j.JefeId from Jefes j where j.Nombre like 'Frankenstein' and j.Fecha like '1986-09-26'), 1, (select a.Id from Ataques a where a.DescripcionAtaque like 'Dispara al jugador')),  ((select j.JefeId from Jefes j where j.Nombre like 'Death' and j.Fecha like '1986-09-26'), 1, (select a.Id from Ataques a where a.DescripcionAtaque like 'Se mueve por el escenario')),  ((select j.JefeId from Jefes j where j.Nombre like 'Death' and j.Fecha like '1986-09-26'), 1, (select a.Id from Ataques a where a.DescripcionAtaque like 'Dispara teledirigido')),  ((select j.JefeId from Jefes j where j.Nombre like 'Dracula' and j.Fecha like '1986-09-26'), 1, (select a.Id from Ataques a where a.DescripcionAtaque like 'Se teletransporta')),  ((select j.JefeId from Jefes j where j.Nombre like 'Dracula' and j.Fecha like '1986-09-26'), 1, (select a.Id from Ataques a where a.DescripcionAtaque like 'Disparos rectos')),  ((select j.JefeId from Jefes j where j.Nombre like 'Dracula' and j.Fecha like '1986-09-26'), 2, (select a.Id from Ataques a where a.DescripcionAtaque like 'Disparos rectos')),  ((select j.JefeId from Jefes j where j.Nombre like 'Dracula' and j.Fecha like '1986-09-26'), 2, (select a.Id from Ataques a where a.DescripcionAtaque like 'Salta')),  ((select j.JefeId from Jefes j where j.Nombre like 'Green Dragon' and j.Fecha like '1986-05-27'), 1, (select a.Id from Ataques a where a.DescripcionAtaque like 'Pega al jugador')),  ((select j.JefeId from Jefes j where j.Nombre like 'Golem' and j.Fecha like '1986-05-27'), 1, (select a.Id from Ataques a where a.DescripcionAtaque like 'Pega al jugador')),  ((select j.JefeId from Jefes j where j.Nombre like 'Dragonlord' and j.Fecha like '1986-05-27'), 1, (select a.Id from Ataques a where a.DescripcionAtaque like 'Pega al jugador')),  ((select j.JefeId from Jefes j where j.Nombre like 'Dragonlord' and j.Fecha like '1986-05-27'), 1, (select a.Id from Ataques a where a.DescripcionAtaque like 'Bloquea los ataques')),  ((select j.JefeId from Jefes j where j.Nombre like 'Dragonlord' and j.Fecha like '1986-05-27'), 2, (select a.Id from Ataques a where a.DescripcionAtaque like 'Pega al jugador')),  ((select j.JefeId from Jefes j where j.Nombre like 'El Martillo' and j.Fecha like '2014-09-30'), 1, (select a.Id from Ataques a where a.DescripcionAtaque like 'Invoca enemigos')),  ((select j.JefeId from Jefes j where j.Nombre like 'El Martillo' and j.Fecha like '2014-09-30'), 1, (select a.Id from Ataques a where a.DescripcionAtaque like 'Contraataque')),  ((select j.JefeId from Jefes j where j.Nombre like 'El Martillo' and j.Fecha like '2014-09-30'), 1, (select a.Id from Ataques a where a.DescripcionAtaque like 'Da un gran golpe en la posicion del jugador')),  ((select j.JefeId from Jefes j where j.Nombre like 'Madre ghûl' and j.Fecha like '2014-09-30'), 1, (select a.Id from Ataques a where a.DescripcionAtaque like 'Invoca enemigos')),  ((select j.JefeId from Jefes j where j.Nombre like 'Madre ghûl' and j.Fecha like '2014-09-30'), 1, (select a.Id from Ataques a where a.DescripcionAtaque like 'Pega al jugador')),  ((select j.JefeId from Jefes j where j.Nombre like 'El graug legendario' and j.Fecha like '2014-09-30'), 1, (select a.Id from Ataques a where a.DescripcionAtaque like 'Embiste al jugador')),  ((select j.JefeId from Jefes j where j.Nombre like 'El graug legendario' and j.Fecha like '2014-09-30'), 1, (select a.Id from Ataques a where a.DescripcionAtaque like 'Da un gran golpe en la posicion del jugador')),  ((select j.JefeId from Jefes j where j.Nombre like 'El graug legendario' and j.Fecha like '2014-09-30'), 2, (select a.Id from Ataques a where a.DescripcionAtaque like 'Invoca enemigos')),  ((select j.JefeId from Jefes j where j.Nombre like 'El graug legendario' and j.Fecha like '2014-09-30'), 2, (select a.Id from Ataques a where a.DescripcionAtaque like 'Se cura')),  ((select j.JefeId from Jefes j where j.Nombre like 'Nemesis' and j.Fecha like '2014-09-30'), 1, (select a.Id from Ataques a where a.DescripcionAtaque like 'Pega al jugador')),  ((select j.JefeId from Jefes j where j.Nombre like 'La Torre' and j.Fecha like '2014-09-30'), 1, (select a.Id from Ataques a where a.DescripcionAtaque like 'Contraataque')),  ((select j.JefeId from Jefes j where j.Nombre like 'La Torre' and j.Fecha like '2014-09-30'), 2, (select a.Id from Ataques a where a.DescripcionAtaque like 'Quick Time Event')),  ((select j.JefeId from Jefes j where j.Nombre like 'Las garras de la Mano Negra' and j.Fecha like '2014-09-30'), 1, (select a.Id from Ataques a where a.DescripcionAtaque like 'Pega al jugador')),  ((select j.JefeId from Jefes j where j.Nombre like 'La Mano Negra' and j.Fecha like '2014-09-30'), 1, (select a.Id from Ataques a where a.DescripcionAtaque like 'Quick Time Event')),  ((select j.JefeId from Jefes j where j.Nombre like 'Shágflak Pastor de ghûls' and j.Fecha like '2014-12-16'), 1, (select a.Id from Ataques a where a.DescripcionAtaque like 'Invoca enemigos')),  ((select j.JefeId from Jefes j where j.Nombre like 'Shágflak Pastor de ghûls' and j.Fecha like '2014-12-16'), 1, (select a.Id from Ataques a where a.DescripcionAtaque like 'Pega al jugador')),  ((select j.JefeId from Jefes j where j.Nombre like 'Shágflak Pastor de ghûls' and j.Fecha like '2014-12-16'), 2, (select a.Id from Ataques a where a.DescripcionAtaque like 'Invoca enemigos')),  ((select j.JefeId from Jefes j where j.Nombre like 'Shágflak Pastor de ghûls' and j.Fecha like '2014-12-16'), 2, (select a.Id from Ataques a where a.DescripcionAtaque like 'Pega al jugador')),  ((select j.JefeId from Jefes j where j.Nombre like 'Sauron' and j.Fecha like '2015-02-24'), 1, (select a.Id from Ataques a where a.DescripcionAtaque like 'Invoca enemigos')),  ((select j.JefeId from Jefes j where j.Nombre like 'Sauron' and j.Fecha like '2015-02-24'), 1, (select a.Id from Ataques a where a.DescripcionAtaque like 'Pega al jugador')),  ((select j.JefeId from Jefes j where j.Nombre like 'Sauron' and j.Fecha like '2015-02-24'), 1, (select a.Id from Ataques a where a.DescripcionAtaque like 'Da un gran golpe al jugador')),  ((select j.JefeId from Jefes j where j.Nombre like 'Sauron' and j.Fecha like '2015-02-24'), 2, (select a.Id from Ataques a where a.DescripcionAtaque like 'Pega al jugador')),  ((select j.JefeId from Jefes j where j.Nombre like 'Sauron' and j.Fecha like '2015-02-24'), 3, (select a.Id from Ataques a where a.DescripcionAtaque like 'Invoca enemigos')),  ((select j.JefeId from Jefes j where j.Nombre like 'Sauron' and j.Fecha like '2015-02-24'), 3, (select a.Id from Ataques a where a.DescripcionAtaque like 'Pega al jugador')),  ((select j.JefeId from Jefes j where j.Nombre like 'Sauron' and j.Fecha like '2015-02-24'), 3, (select a.Id from Ataques a where a.DescripcionAtaque like 'Da un gran golpe al jugador')),  ((select j.JefeId from Jefes j where j.Nombre like 'Gold Giant Dragon' and j.Fecha like '2012-08-02'), 1, (select a.Id from Ataques a where a.DescripcionAtaque like 'Lanza llamas a la posicion del jugador')),  ((select j.JefeId from Jefes j where j.Nombre like 'M.O.M.M.A' and j.Fecha like '2023-03-30'), 1, (select a.Id from Ataques a where a.DescripcionAtaque like 'Explosion en la posicion del jugador')),  ((select j.JefeId from Jefes j where j.Nombre like 'Goblin King' and j.Fecha like '2021-04-06'), 1, (select a.Id from Ataques a where a.DescripcionAtaque like 'Pega en area')),  ((select j.JefeId from Jefes j where j.Nombre like 'Lava Golem' and j.Fecha like '2021-04-06'), 1, (select a.Id from Ataques a where a.DescripcionAtaque like 'Pega en area')),  ((select j.JefeId from Jefes j where j.Nombre like 'Lava Golem' and j.Fecha like '2021-04-06'), 1, (select a.Id from Ataques a where a.DescripcionAtaque like 'Explosion en la posicion del jugador')),  ((select j.JefeId from Jefes j where j.Nombre like 'Papa Dragon' and j.Fecha like '2021-04-06'), 1, (select a.Id from Ataques a where a.DescripcionAtaque like 'Pega en area')),  ((select j.JefeId from Jefes j where j.Nombre like 'Papa Dragon' and j.Fecha like '2021-04-06'), 1, (select a.Id from Ataques a where a.DescripcionAtaque like 'Explosion en la posicion del jugador')),  ((select j.JefeId from Jefes j where j.Nombre like 'Papa Dragon' and j.Fecha like '2021-04-06'), 1, (select a.Id from Ataques a where a.DescripcionAtaque like 'Se posiciona en una posicion ventajosa')),  ((select j.JefeId from Jefes j where j.Nombre like 'Lava Hound' and j.Fecha like '2021-06-26'), 1, (select a.Id from Ataques a where a.DescripcionAtaque like 'Se posiciona en una posicion ventajosa')),  ((select j.JefeId from Jefes j where j.Nombre like 'Lava Hound' and j.Fecha like '2021-06-26'), 1, (select a.Id from Ataques a where a.DescripcionAtaque like 'Explosion en la posicion del jugador')),  ((select j.JefeId from Jefes j where j.Nombre like 'Lava Hound' and j.Fecha like '2021-06-26'), 1, (select a.Id from Ataques a where a.DescripcionAtaque like 'Invoca enemigos')),  ((select j.JefeId from Jefes j where j.Nombre like 'Bone Bros' and j.Fecha like '2021-11-01'), 1, (select a.Id from Ataques a where a.DescripcionAtaque like 'Pega en area')),  ((select j.JefeId from Jefes j where j.Nombre like 'Bone Bros' and j.Fecha like '2021-11-01'), 1, (select a.Id from Ataques a where a.DescripcionAtaque like 'Provoca un stun')),  ((select j.JefeId from Jefes j where j.Nombre like 'Volt Viper' and j.Fecha like '2021-11-01'), 1, (select a.Id from Ataques a where a.DescripcionAtaque like 'Dispara al jugador')),  ((select j.JefeId from Jefes j where j.Nombre like 'Mini Lava Golem' and j.Fecha like '2022-03-11'), 1, (select a.Id from Ataques a where a.DescripcionAtaque like 'Invoca enemigos')),  ((select j.JefeId from Jefes j where j.Nombre like 'Mini Lava Golem' and j.Fecha like '2022-03-11'), 1, (select a.Id from Ataques a where a.DescripcionAtaque like 'Dispara al jugador')),  ((select j.JefeId from Jefes j where j.Nombre like 'Mini Lava Golem' and j.Fecha like '2022-03-11'), 1, (select a.Id from Ataques a where a.DescripcionAtaque like 'Dispara a varios objetivos'));
insert into Generos (Nombre, Descripcion)   values   ('Matamarcianos', 'Disparos a enemigos que caen del cielo en un entorno arcade'),  ('Plataformas 2D', 'Salta para superar obstaculos en un juego bidimensional'), ('Shoot ''em up', 'Dispara a ordas de enemigos mientras mejoras tus armas en una perspectiva horizontal'),  ('Arcade', 'Consigue mas puntuacion'),  ('Video interactivo', 'Toma las decisiones para controlar las acciones que sucederan en un video interactivo'),  ('Lucha', 'Pelea contra otros contringantes en combates cuerpo a cuerpo'),  ('Otros', 'Juegos que no se les podria poner en ningun genero'),  ('RPG por turnos', 'Combates de rol por turnos'),  ('Combate de accion', 'Combates al estilo de Batman Arkham'),  ('Sigilo', 'Escondete para sorprender a tu enemigo'),  ('Estrategia', 'Posiciona tus tropas y gestiona tus recursos de forma correcta para conseguir tu victoria'),  ('Match 3', 'Junta 3 o mas objetos estilo Candy Crush');
insert into FasesGeneros   values   ((select j.JefeId from Jefes j where j.Nombre like 'Meteor' and j.Fecha like '1979-12-12'), 1, 'Matamarcianos'), ((select j.JefeId from Jefes j where j.Nombre like 'Meteor' and j.Fecha like '1979-12-12'), 2, 'Matamarcianos'),  ((select j.JefeId from Jefes j where j.Nombre like 'Donkey Kong' and j.Fecha like '1983-10-31'), 1, 'Matamarcianos'),  ((select j.JefeId from Jefes j where j.Nombre like 'Black Knight' and j.Fecha like '1983-06-19'), 1, 'Video interactivo'),  ((select j.JefeId from Jefes j where j.Nombre like 'Lizard King' and j.Fecha like '1983-06-19'), 1, 'Video interactivo'),  ((select j.JefeId from Jefes j where j.Nombre like 'Singe the Dragon' and j.Fecha like '1983-06-19'), 1, 'Video interactivo'),  ((select j.JefeId from Jefes j where j.Nombre like 'Glass Joe' and j.Fecha like '1983-12-31'), 1, 'Lucha'),  ((select j.JefeId from Jefes j where j.Nombre like 'Bald Bull' and j.Fecha like '1983-12-31'), 1, 'Lucha'),  ((select j.JefeId from Jefes j where j.Nombre like 'Piston Hurricane' and j.Fecha like '1983-12-31'), 1, 'Lucha'),  ((select j.JefeId from Jefes j where j.Nombre like 'Kid Kick' and j.Fecha like '1983-12-31'), 1, 'Lucha'),  ((select j.JefeId from Jefes j where j.Nombre like 'Pizza Pasta' and j.Fecha like '1983-12-31'), 1, 'Lucha'),  ((select j.JefeId from Jefes j where j.Nombre like 'Mr. Sandman' and j.Fecha like '1983-12-31'), 1, 'Lucha'),  ((select j.JefeId from Jefes j where j.Nombre like 'The Sinistar' and j.Fecha like '1983-10-31'), 1, 'Matamarcianos'),  ((select j.JefeId from Jefes j where j.Nombre like 'Death Star' and j.Fecha like '1983-10-31'), 1, 'Matamarcianos'),  ((select j.JefeId from Jefes j where j.Nombre like 'Bombardier' and j.Fecha like '1984-10-31'), 1, 'Shoot ''em up'),  ((select j.JefeId from Jefes j where j.Nombre like 'Toro' and j.Fecha like '1984-10-31'), 1, 'Otros'),  ((select j.JefeId from Jefes j where j.Nombre like 'Dark Ace' and j.Fecha like '1984-10-31'), 1, 'Video interactivo'),  ((select j.JefeId from Jefes j where j.Nombre like 'Electric eel' and j.Fecha like '1984-10-31'), 1, 'Video interactivo'),  ((select j.JefeId from Jefes j where j.Nombre like 'Commander Borf' and j.Fecha like '1984-10-31'), 1, 'Video interactivo'),  ((select j.JefeId from Jefes j where j.Nombre like 'Gump''s fortress' and j.Fecha like '1984-06-15'), 1, 'Matamarcianos'),  ((select j.JefeId from Jefes j where j.Nombre like 'Meteor' and j.Fecha like '1984-05-10'), 1, 'Matamarcianos'),  ((select j.JefeId from Jefes j where j.Nombre like 'Oni' and j.Fecha like '1985-07-07'), 1, 'Plataformas 2D'),  ((select j.JefeId from Jefes j where j.Nombre like 'Dragon' and j.Fecha like '1985-07-07'), 1, 'Plataformas 2D'),  ((select j.JefeId from Jefes j where j.Nombre like 'Demon' and j.Fecha like '1985-07-07'), 1, 'Plataformas 2D'),  ((select j.JefeId from Jefes j where j.Nombre like 'Satan' and j.Fecha like '1985-07-07'), 1, 'Plataformas 2D'),  ((select j.JefeId from Jefes j where j.Nombre like 'Big Core' and j.Fecha like '1985-02-02'), 1, 'Shoot ''em up'),  ((select j.JefeId from Jefes j where j.Nombre like 'Tentacle Alien' and j.Fecha like '1985-02-02'), 1, 'Shoot ''em up'),  ((select j.JefeId from Jefes j where j.Nombre like 'Celos Base/Xaerous Brain' and j.Fecha like '1985-02-02'), 1, 'Shoot ''em up'),  ((select j.JefeId from Jefes j where j.Nombre like 'Chinese Dragon' and j.Fecha like '1985-10-02'), 1, 'Shoot ''em up'),  ((select j.JefeId from Jefes j where j.Nombre like 'Olisis' and j.Fecha like '1985-10-02'), 1, 'Shoot ''em up'),  ((select j.JefeId from Jefes j where j.Nombre like 'Lucasia' and j.Fecha like '1985-10-02'), 1, 'Shoot ''em up'),  ((select j.JefeId from Jefes j where j.Nombre like 'Uriah' and j.Fecha like '1985-10-02'), 1, 'Shoot ''em up'),  ((select j.JefeId from Jefes j where j.Nombre like 'Fake Bowser' and j.Fecha like '1985-09-13'), 1, 'Plataformas 2D'),  ((select j.JefeId from Jefes j where j.Nombre like 'Bowser' and j.Fecha like '1985-09-13'), 1, 'Plataformas 2D'),  ((select j.JefeId from Jefes j where j.Nombre like 'Bear Burger' and j.Fecha like '1984-09-13'), 1, 'Lucha'),  ((select j.JefeId from Jefes j where j.Nombre like 'Dragon Chan' and j.Fecha like '1984-09-13'), 1, 'Lucha'),  ((select j.JefeId from Jefes j where j.Nombre like 'Vodka Drunkensky' and j.Fecha like '1984-09-13'), 1, 'Lucha'),  ((select j.JefeId from Jefes j where j.Nombre like 'Great Tiger' and j.Fecha like '1984-09-13'), 1, 'Lucha'),  ((select j.JefeId from Jefes j where j.Nombre like 'Super Macho Man' and j.Fecha like '1984-09-13'), 1, 'Lucha'),  ((select j.JefeId from Jefes j where j.Nombre like 'Wang' and j.Fecha like '1984-10-13'), 1, 'Lucha'),  ((select j.JefeId from Jefes j where j.Nombre like 'Tao' and j.Fecha like '1984-10-13'), 1, 'Lucha'),  ((select j.JefeId from Jefes j where j.Nombre like 'Chen' and j.Fecha like '1984-10-13'), 1, 'Lucha'),  ((select j.JefeId from Jefes j where j.Nombre like 'Lang' and j.Fecha like '1984-10-13'), 1, 'Lucha'),  ((select j.JefeId from Jefes j where j.Nombre like 'Wu' and j.Fecha like '1984-10-13'), 1, 'Lucha'),  ((select j.JefeId from Jefes j where j.Nombre like 'Rhino' and j.Fecha like '1986-09-12'), 1, 'Plataformas 2D'),  ((select j.JefeId from Jefes j where j.Nombre like 'Owl' and j.Fecha like '1986-09-12'), 1, 'Plataformas 2D'),  ((select j.JefeId from Jefes j where j.Nombre like 'Cyclop' and j.Fecha like '1986-09-12'), 1, 'Plataformas 2D'),  ((select j.JefeId from Jefes j where j.Nombre like 'Sabertooth' and j.Fecha like '1986-09-12'), 1, 'Plataformas 2D'),  ((select j.JefeId from Jefes j where j.Nombre like 'Tiger' and j.Fecha like '1986-09-12'), 1, 'Plataformas 2D'),  ((select j.JefeId from Jefes j where j.Nombre like 'Oni' and j.Fecha like '1986-09-12'), 1, 'Plataformas 2D'),  ((select j.JefeId from Jefes j where j.Nombre like 'Kappa' and j.Fecha like '1986-09-12'), 1, 'Plataformas 2D'),  ((select j.JefeId from Jefes j where j.Nombre like 'Ox' and j.Fecha like '1986-11-01'), 1, 'Plataformas 2D'),  ((select j.JefeId from Jefes j where j.Nombre like 'Grizzly Bear' and j.Fecha like '1986-11-01'), 1, 'Plataformas 2D'),  ((select j.JefeId from Jefes j where j.Nombre like 'Stone Head' and j.Fecha like '1986-11-01'), 1, 'Otros'),  ((select j.JefeId from Jefes j where j.Nombre like 'Stone Head' and j.Fecha like '1986-11-01'), 2, 'Plataformas 2D'),  ((select j.JefeId from Jefes j where j.Nombre like 'Scissor Head' and j.Fecha like '1986-11-01'), 1, 'Otros'),  ((select j.JefeId from Jefes j where j.Nombre like 'Scissor Head' and j.Fecha like '1986-11-01'), 2, 'Plataformas 2D'),  ((select j.JefeId from Jefes j where j.Nombre like 'Paper Head' and j.Fecha like '1986-11-01'), 1, 'Otros'),  ((select j.JefeId from Jefes j where j.Nombre like 'Paper Head' and j.Fecha like '1986-11-01'), 2, 'Plataformas 2D'),  ((select j.JefeId from Jefes j where j.Nombre like 'Janken the Great' and j.Fecha like '1986-11-01'), 1, 'Otros'),  ((select j.JefeId from Jefes j where j.Nombre like 'Janken the Great' and j.Fecha like '1986-11-01'), 2, 'Plataformas 2D'),  ((select j.JefeId from Jefes j where j.Nombre like 'Bat' and j.Fecha like '1986-09-26'), 1, 'Plataformas 2D'),  ((select j.JefeId from Jefes j where j.Nombre like 'Medusa' and j.Fecha like '1986-09-26'), 1, 'Plataformas 2D'),  ((select j.JefeId from Jefes j where j.Nombre like 'Mummy' and j.Fecha like '1986-09-26'), 1, 'Plataformas 2D'),  ((select j.JefeId from Jefes j where j.Nombre like 'Frankenstein' and j.Fecha like '1986-09-26'), 1, 'Plataformas 2D'),  ((select j.JefeId from Jefes j where j.Nombre like 'Death' and j.Fecha like '1986-09-26'), 1, 'Plataformas 2D'),  ((select j.JefeId from Jefes j where j.Nombre like 'Dracula' and j.Fecha like '1986-09-26'), 1, 'Plataformas 2D'),  ((select j.JefeId from Jefes j where j.Nombre like 'Dracula' and j.Fecha like '1986-09-26'), 2, 'Plataformas 2D'),  ((select j.JefeId from Jefes j where j.Nombre like 'Green Dragon' and j.Fecha like '1986-05-27'), 1, 'RPG por turnos'),  ((select j.JefeId from Jefes j where j.Nombre like 'Golem' and j.Fecha like '1986-05-27'), 1, 'RPG por turnos'),  ((select j.JefeId from Jefes j where j.Nombre like 'Dragonlord' and j.Fecha like '1986-05-27'), 1, 'RPG por turnos'),  ((select j.JefeId from Jefes j where j.Nombre like 'Dragonlord' and j.Fecha like '1986-05-27'), 2, 'RPG por turnos'),  ((select j.JefeId from Jefes j where j.Nombre like 'El Martillo' and j.Fecha like '2014-09-30'), 1, 'Combate de accion'),  ((select j.JefeId from Jefes j where j.Nombre like 'Madre ghûl' and j.Fecha like '2014-09-30'), 1, 'Combate de accion'),  ((select j.JefeId from Jefes j where j.Nombre like 'El graug legendario' and j.Fecha like '2014-09-30'), 1, 'Combate de accion'),  ((select j.JefeId from Jefes j where j.Nombre like 'El graug legendario' and j.Fecha like '2014-09-30'), 2, 'Combate de accion'),  ((select j.JefeId from Jefes j where j.Nombre like 'Nemesis' and j.Fecha like '2014-09-30'), 1, 'Combate de accion'),  ((select j.JefeId from Jefes j where j.Nombre like 'La Torre' and j.Fecha like '2014-09-30'), 1, 'Sigilo'),  ((select j.JefeId from Jefes j where j.Nombre like 'La Torre' and j.Fecha like '2014-09-30'), 2, 'Combate de accion'),  ((select j.JefeId from Jefes j where j.Nombre like 'Las garras de la Mano Negra' and j.Fecha like '2014-09-30'), 1, 'Combate de accion'),  ((select j.JefeId from Jefes j where j.Nombre like 'La Mano Negra' and j.Fecha like '2014-09-30'), 1, 'Combate de accion'),  ((select j.JefeId from Jefes j where j.Nombre like 'Shágflak Pastor de ghûls' and j.Fecha like '2014-12-16'), 1, 'Combate de accion'),  ((select j.JefeId from Jefes j where j.Nombre like 'Shágflak Pastor de ghûls' and j.Fecha like '2014-12-16'), 2, 'Combate de accion'),  ((select j.JefeId from Jefes j where j.Nombre like 'Sauron' and j.Fecha like '2015-02-24'), 1, 'Combate de accion'),  ((select j.JefeId from Jefes j where j.Nombre like 'Sauron' and j.Fecha like '2015-02-24'), 2, 'Combate de accion'),  ((select j.JefeId from Jefes j where j.Nombre like 'Sauron' and j.Fecha like '2015-02-24'), 3, 'Combate de accion'),  ((select j.JefeId from Jefes j where j.Nombre like 'Gold Giant Dragon' and j.Fecha like '2012-08-02'), 1, 'Estrategia'),  ((select j.JefeId from Jefes j where j.Nombre like 'M.O.M.M.A' and j.Fecha like '2023-03-30'), 1, 'Estrategia'),  ((select j.JefeId from Jefes j where j.Nombre like 'Goblin King' and j.Fecha like '2021-04-06'), 1, 'Match 3'),  ((select j.JefeId from Jefes j where j.Nombre like 'Lava Golem' and j.Fecha like '2021-04-06'), 1, 'Match 3'),  ((select j.JefeId from Jefes j where j.Nombre like 'Papa Dragon' and j.Fecha like '2021-04-06'), 1, 'Match 3'),  ((select j.JefeId from Jefes j where j.Nombre like 'Lava Hound' and j.Fecha like '2021-06-26'), 1, 'Match 3'),  ((select j.JefeId from Jefes j where j.Nombre like 'Bone Bros' and j.Fecha like '2021-11-01'), 1, 'Match 3'),  ((select j.JefeId from Jefes j where j.Nombre like 'Volt Viper' and j.Fecha like '2021-11-01'), 1, 'Match 3'),  ((select j.JefeId from Jefes j where j.Nombre like 'Mini Lava Golem' and j.Fecha like '2022-03-11'), 1, 'Estrategia');
insert into Series (Nombre)   values   ('Donkey Kong'),  ('Star Wars'),  ('Xevious'),  ('Punch Out!'),  ('Tierra Media'), ('El Señor de los Anillos'),  ('Clash');
insert into SerieProductos (Serie, idJuego)   values   ('Donkey Kong', (select p.id from Productos p WHERE p.Titulo like 'Donkey Kong' and p.Fecha_Lanzamiento like '1981-08-09')), ('Donkey Kong', (select p.id from Productos p WHERE p.Titulo like 'Donkey Kong Jr' and p.Fecha_Lanzamiento like '1982-10-10')),  ('Donkey Kong', (select p.id from Productos p WHERE p.Titulo like 'Donkey Kong 3' and p.Fecha_Lanzamiento like '1983-10-31')),  ('Star Wars', (select p.id from Productos p WHERE p.Titulo like 'Star Wars: The Empire Strikes Back' and p.Fecha_Lanzamiento like '1982-11-10')),  ('Star Wars', (select p.id from Productos p WHERE p.Titulo like 'Star Wars: Return of the Jedi Death Star Battle' and p.Fecha_Lanzamiento like '1983-10-31')),  ('Xevious', (select p.id from Productos p WHERE p.Titulo like 'Xevious' and p.Fecha_Lanzamiento like '1982-11-10')),  ('Xevious', (select p.id from Productos p WHERE p.Titulo like 'Super Xevious' and p.Fecha_Lanzamiento like '1984-06-15')),  ('Punch Out!', (select p.id from Productos p WHERE p.Titulo like 'Punch Out!!' and p.Fecha_Lanzamiento like '1983-12-31')),  ('Punch Out!', (select p.id from Productos p WHERE p.Titulo like 'Super Punch Out!' and p.Fecha_Lanzamiento like '1984-09-13')),  ('Tierra Media', (select p.id from Productos p WHERE p.Titulo like 'Tierra Media: Sombras de Mordor' and p.Fecha_Lanzamiento like '2014-09-30')),  ('Tierra Media', (select p.id from Productos p WHERE p.Titulo like 'Tierra Media: Sombras de Mordor - The Lord of the Hunt' and p.Fecha_Lanzamiento like '2014-12-16')),  ('Tierra Media', (select p.id from Productos p WHERE p.Titulo like 'Tierra Media: Sombras de Mordor - The Bright Lord' and p.Fecha_Lanzamiento like '2015-02-24')),  ('El Señor de los Anillos', (select p.id from Productos p WHERE p.Titulo like 'Tierra Media: Sombras de Mordor' and p.Fecha_Lanzamiento like '2014-09-30')),  ('El Señor de los Anillos', (select p.id from Productos p WHERE p.Titulo like 'Tierra Media: Sombras de Mordor - The Lord of the Hunt' and p.Fecha_Lanzamiento like '2014-12-16')),  ('El Señor de los Anillos', (select p.id from Productos p WHERE p.Titulo like 'Tierra Media: Sombras de Mordor - The Bright Lord' and p.Fecha_Lanzamiento like '2015-02-24')),  ('Clash', (select p.id from Productos p WHERE p.Titulo like 'Clash of Clans' and p.Fecha_Lanzamiento like '2012-08-02')),  ('Clash', (select p.id from Productos p WHERE p.Titulo like 'Clash Quest' and p.Fecha_Lanzamiento like '2021-04-06')),  ('Clash', (select p.id from Productos p WHERE p.Titulo like 'Clash Mini' and p.Fecha_Lanzamiento like '2021-11-08'));
